0,51.5092544002459,-0.161045253094787,38.8224775264971,-0.0160039451691639,0.0472026068938215,0.00941811857507227
0.5,51.5092486208502,-0.161043867781726,38.6686773977708,0.119087780735044,-0.000454824131656111,-0.0123861413284081
1,51.5092493963369,-0.16104628855747,38.1795269530267,0.218193272435073,0.0161278476075142,0.00659913308077455
1.5,51.5092539097463,-0.161043784728365,38.0566796322819,0.460802858058992,0.00275379257224109,0.0250884950918015
2,51.5092560546012,-0.161043567882374,37.7593537017237,0.715346717714231,0.0199960652989868,0.0399328434201794
2.5,51.5092599206732,-0.161045371286459,37.7226579680573,0.941439074347141,0.0224853837869667,-0.000196155679744681
3,51.5092632359392,-0.161041542520377,37.7349525003228,1.19436095418421,0.0271066476150948,-0.0185504509049672
3.5,51.5092681371785,-0.16103943515713,37.6804376326036,1.22783747712053,-0.00933477958018717,-0.0154174214340653
4,51.509275836076,-0.161038657521969,37.3996440051123,1.24025111853698,-0.00870063170654232,-0.0436333100855351
4.5,51.5092796140809,-0.161036289946783,36.8686132850125,1.25014928712764,-0.00275695907977126,-0.0330835561502152
5,51.509285555286,-0.161038177480167,36.8722219720948,1.23928312072604,0.000643545695105484,-0.0704316090751248
5.5,51.509292441649,-0.161038069642924,36.6277360303793,1.25934964269451,-0.0202644675578439,-0.062846413575337
6,51.5092959522934,-0.161037580578175,36.384615289513,1.23627354570359,0.0249304520441681,-0.0605631037785368
6.5,51.5093015695004,-0.161035792517568,36.3654091174249,1.2368848699415,0.0241056544469598,-0.0424957832358086
7,51.5093083426044,-0.161035449364784,36.4693067737389,1.2641108152474,-0.00353796668097599,-0.0245890123241215
7.5,51.5093137693223,-0.161034006742456,36.6838514299598,1.25411261395949,0.010137004511832,-0.0364622042465991
8,51.5093193248886,-0.161032691275312,36.5862307117786,1.23843362101535,0.00424917417253052,-0.0224334608888946
8.5,51.5093253860939,-0.16103231294458,36.6507659091149,1.25338283817378,-0.00126711548733238,-0.0395169048317074
9,51.5093306039809,-0.161032684479403,36.5485971863382,1.26160700431156,0.0142531064854789,-0.0403029481668362
9.5,51.5093359234035,-0.161032717536777,36.3732928941026,1.26698278900123,0.0320077010014044,-0.0224666249605766
10,51.5093418651772,-0.161034073324552,36.1942563359626,1.23911403138746,0.0359280877125093,-0.00837673512052262
10.5,51.5093477228577,-0.16103474698113,36.2402544212528,1.24475934666244,0.0205939436172246,0.00483427337458808
11,51.5093530299548,-0.161035177679494,36.0173998663668,1.26805205751483,0.00474123576440415,-0.00731916924979037
11.5,51.5093585684014,-0.161034940263244,36.0094890971668,1.256163125956,0.0287922695530063,0.00648782169470064
12,51.5093640535227,-0.161034995702942,35.997140758438,1.25826082264071,-0.00207623195011153,0.00171742948453102
12.5,51.5093700641537,-0.161034777311151,36.006301960675,1.2411236108562,-0.0157033256874517,-0.00448495527096393
13,51.5093756194964,-0.161035563098923,36.0766119782347,1.24030706491816,-0.00182122124099538,-0.0191745331483516
13.5,51.5093813710368,-0.161036751434296,36.2557109887712,1.24297369462442,0.00878387750862975,-0.0193231134935048
14,51.5093868941145,-0.161036754541714,36.1770400491077,1.26536567085911,0.0137139428406784,-0.0132285711657516
14.5,51.5093921937658,-0.161036151827207,36.3630658383481,1.24414225642383,-0.0341576791690238,-0.00293945185909239
15,51.5093976722469,-0.161036255125911,36.3776585140731,1.25248687265338,-0.0311259520857272,0.030025848666914
15.5,51.5094029992331,-0.161035761923451,36.3173397462815,1.22892889105612,-0.0166688670585948,0.00427221670857625
16,51.5094085920867,-0.161036694019795,36.2601611986756,1.21887099761598,-0.00710769939466703,0.00946262606152393
16.5,51.5094141001404,-0.161035776721531,36.2484934125096,1.23601759478498,-0.00929220485557356,0.0168540124698807
17,51.5094191409941,-0.161035819426062,36.3813686186913,1.21388605135359,-0.00287212963541384,0.0206694775598988
17.5,51.5094248223319,-0.161035618550757,36.3678984197322,1.23170639967892,-0.00416980689920574,-0.0290802565608114
18,51.5094305309165,-0.161034610390942,36.3865177433472,1.24706253016866,0.00302485116948452,-0.0596409612456469
18.5,51.509436156959,-0.161034134788946,36.3890536585823,1.23217785275711,-0.00782577955513954,-0.0190115259927
19,51.5094415066456,-0.161033306548342,36.3454522893298,1.24234085969612,0.0018640154808228,-0.0149188077780633
19.5,51.5094470696246,-0.161033347576018,36.3540407812688,1.25003693637879,0.0116811792004608,-0.0384960863747851
20,51.5094527231926,-0.161033971806934,36.3942262323108,1.25655516090626,0.0114674251938808,-0.0525689022098222
20.5,51.5094577968605,-0.161033195816316,36.390067046741,1.24397442467433,0.00903671863212707,-0.0371546033347937
21,51.509463024191,-0.161032754280345,36.3844184537884,1.22968262349985,0.0159767417705497,-0.0448667870394344
21.5,51.5094684652367,-0.161031712417288,36.4781761665363,1.23417222597247,0.00958237276964339,-0.0509372757764998
22,51.5094743770074,-0.161033034278518,36.4224295138847,1.25415333398378,-0.0175327487862634,-0.00697969198396886
22.5,51.5094802333446,-0.161034072759136,36.3010332547128,1.24228086540746,-0.0165165513301238,0.00868875436263139
23,51.5094863414519,-0.16103515254757,36.2556809927337,1.25370146509253,-0.0210955784161389,-0.0133529147778292
23.5,51.5094918183891,-0.161035148833679,36.2714985674247,1.2147221939716,0.0143173249432944,-0.0387007486387408
24,51.5094970791359,-0.161034628856129,36.3174711700995,1.23421789211906,0.0110149119701954,-0.0245780856791319
24.5,51.5095025203698,-0.161034505844155,36.4073994159698,1.23163342322975,-0.0056482459307448,-0.0391544543008445
25,51.509508009435,-0.161034941333344,36.4242779398337,1.24776805693754,-0.00712988690040066,-0.0467959115266563
25.5,51.5095138921379,-0.161034822398862,36.5034355300013,1.2520383486835,-0.0355048358557127,-0.0413892746695609
26,51.5095193440486,-0.161035153924836,36.4641111891251,1.27069324828358,-0.00114972694182684,-0.0358350121048944
26.5,51.5095246265318,-0.161035164415943,36.4346100084949,1.2531045326539,-0.0197243652273772,-0.0122749617317616
27,51.509530034471,-0.161035461546426,36.3973290245049,1.21638032524951,-0.0118337487699493,0.00126840895867197
27.5,51.5095358382489,-0.161035392751242,36.377168249106,1.23400123418275,-0.047252989693655,0.0070782675392006
28,51.5095415324406,-0.161036017729918,36.3021440557204,1.24996065950488,-0.0337745435771289,-0.0152346801612545
28.5,51.509547274957,-0.161036746357003,36.3352961109485,1.24177203462727,-0.0364563832702292,-0.015090723850095
29,51.5095526963375,-0.161036882052741,36.336633247789,1.24575487627545,-0.0442878611248785,-0.0254669346008715
29.5,51.5095582947126,-0.161037300468931,36.3301191839855,1.24265291479375,-0.0309210880579375,-0.0325704944320082
30,51.5095641893956,-0.161037412063198,36.3438223309349,1.2508303874261,-0.0107717516808566,-0.0524564727943965
30.5,51.5095698164896,-0.161037242440198,36.4067821209319,1.25117427593837,-0.0149357542403354,-0.0555868141489337
31,51.5095750906134,-0.161036850913061,36.437762770569,1.25583452379228,-0.013149502466154,-0.0451919707639821
31.5,51.509580456815,-0.161036888778773,36.4359364053234,1.2363889954271,-0.00305505283690716,-0.0216300944646902
32,51.5095859343838,-0.161036660576315,36.4558846503496,1.23426222881598,-0.0168502254259692,-0.0220324238064538
32.5,51.5095905651958,-0.161035833226065,36.4957294724882,1.02964586748714,-0.0280618410925131,0.00548185308105942
33,51.5095944806089,-0.16103678168064,36.4783701640554,0.792875574332466,-0.0247839745728612,0.0273571280165852
33.5,51.5095972450555,-0.161036795123597,36.5203827393707,0.55197757462266,-0.0376989076617544,-0.00278784211359723
34,51.5095991199565,-0.161037092505684,36.5200331688393,0.284487036835258,-0.0194304489970793,-0.0150169631044143
34.5,51.5096002604261,-0.16103668130744,36.5361215407029,0.239752098596817,0.0499009514432528,-0.00692303276399948
35,51.5096012681539,-0.161035758926688,36.5590686651412,0.254236553895488,0.116050557409175,-0.0389269477925294
35.5,51.509602241706,-0.161034834035211,36.5784476185217,0.188215179930839,0.162978331760112,-0.0156858405144981
36,51.5096027449524,-0.161033331662193,36.6003339965828,0.119734525130888,0.201577306886918,-0.0207563886563085
36.5,51.5096029826992,-0.161031365266668,36.6390110494103,0.0705960552007402,0.21992453250286,-0.0157417720483248
37,51.5096031034604,-0.161029532099389,36.6446611762512,0.0215431905590758,0.221791567405283,-0.0272396885941876
37.5,51.5096029661231,-0.161027998904555,36.6701930705458,-0.042564153064556,0.236455302422567,-0.00304247068745762
38,51.5096028674136,-0.161026504779786,36.7075586887076,-0.118891598584871,0.230086028819023,0.0111185076025082
38.5,51.5096023488803,-0.161025328406371,36.6968145770952,-0.152885741492486,0.177606786904763,0.0306229773674198
39,51.5096012784878,-0.16102426151076,36.6760565547738,-0.221939997186972,0.135791303523495,0.0362629437241392
39.5,51.5096002788728,-0.161023227660656,36.7413863539696,-0.221786849851427,0.0835511939970739,0.0272371758630932
40,51.5095988955542,-0.161022971162857,36.7572726504877,-0.25532554422537,0.0165617430739635,0.0151467043934907
40.5,51.5095970244433,-0.161022831624681,36.7521735262126,-0.48164583132908,0.0217814712715746,0.0234232750078712
41,51.5095941907403,-0.161022549053617,36.6967093804851,-0.719972900373463,-0.0276585388765185,-0.0113759310070472
41.5,51.5095901532534,-0.16102240274674,36.6688657039776,-0.97551323959599,-0.00197789850367941,-0.0108818676963408
42,51.5095849510198,-0.161022240184026,36.6727308074478,-1.21080745786061,-0.0144408219667021,-0.0163415190791414
42.5,51.5095793992146,-0.161022092387205,36.6900734058581,-1.24161476177035,0.00944705273773828,0.00193629395084527
43,51.5095737660603,-0.16102218697709,36.7069828510284,-1.25836673956071,0.0157645425620758,-0.0483868052851748
43.5,51.5095683029447,-0.161022134110502,36.684615106089,-1.22705653263965,0.00206798094364085,-0.0278937551476504
44,51.5095625298577,-0.161021942028875,36.7158648550976,-1.23918359438482,-0.0200082894842653,-0.0157076535055656
44.5,51.5095571701054,-0.161021782033823,36.731932973722,-1.23492827262804,-0.00101931650203553,-0.0222155875378228
45,51.5095513685067,-0.161021193113073,36.7064454306383,-1.25525403123204,0.0215280845327548,0.00858433468560094
45.5,51.5095457470141,-0.161020900304473,36.6759991776198,-1.2579944693164,-0.0138372526998254,0.0158273016954816
46,51.5095401444233,-0.161021268878848,36.602821821114,-1.26079624583957,0.00435906939212267,0.0216532309295191
46.5,51.5095346598493,-0.161021561967321,36.6010631506797,-1.2190277478606,-0.0321763931876864,0.0242594972568558
47,51.5095290734702,-0.16102186721195,36.6047066159081,-1.26108218797701,-0.0314071362161709,0.0280626237780652
47.5,51.5095234628467,-0.161022076949354,36.6296116297599,-1.24160115916163,-0.032595060134215,-0.0316687043496343
48,51.5095178395729,-0.161022529312156,36.5970896689687,-1.25027718150023,-0.0302075803270732,-0.0220706621458095
48.5,51.5095119914663,-0.161022232876351,36.5933417328633,-1.26817146148638,-0.00272123914822973,-0.0197703366788817
49,51.5095064881856,-0.161022637358854,36.5661733541638,-1.2423321081945,-0.0246013588131509,-0.0222699027046226
49.5,51.5095010484496,-0.161022731792176,36.5773488241248,-1.25839485340323,0.0262142882317245,-0.0546490529477761
50,51.5094955106909,-0.16102281886108,36.5883883885108,-1.27409749961035,0.00276446001420852,-0.0333503236988993
50.5,51.50948997135,-0.161022982071013,36.6348328194581,-1.24911712190575,0.0148223779869948,-0.0364933792360592
51,51.5094842290424,-0.16102323212458,36.6442188352812,-1.28011284172727,0.00337206295483927,-0.0473794043611708
51.5,51.509478526013,-0.161022800668213,36.6701497542672,-1.25416496885991,0.010051343937304,-0.0258340363090523
52,51.5094730692918,-0.161022684341137,36.6600245200098,-1.24060399766514,0.018368120708971,-0.0299317491617166
52.5,51.5094674970107,-0.161022381641902,36.6268499803264,-1.24114372823547,0.0085407909723517,-0.0295548040777284
53,51.5094619367891,-0.161022321766502,36.6504497190472,-1.23889453594905,-0.00815015290682193,-0.047136964119892
53.5,51.5094561008199,-0.161022538485699,36.5797191050369,-1.26527054632056,0.00625341166894025,0.0115805689918755
54,51.509450566035,-0.161022676166205,36.5465380009264,-1.2617756024445,-0.00548066394921481,0.0245558315253595
54.5,51.5094447384474,-0.161022262782834,36.5481823168229,-1.26229663286683,-0.00693142389307476,0.0405593056764869
55,51.5094389907492,-0.16102219818325,36.564114828594,-1.27202246544128,-0.000765395682921321,0.0291188583685777
55.5,51.5094334260251,-0.161021973263795,36.5807865334209,-1.24365603389576,0.0235706533792862,0.0269598405926341
56,51.5094277259917,-0.161022018938749,36.5852788060438,-1.26476943228514,-0.00516684702470437,0.031035879185751
56.5,51.509422213256,-0.16102188996619,36.5774117074907,-1.24338538936361,0.0150787984988857,0.0421875750547889
57,51.5094167183537,-0.16102188821605,36.5318073793314,-1.24379652858717,0.00650618904872738,0.0319630704517534
57.5,51.5094110295415,-0.161021921565574,36.4946028452832,-1.25090316711883,0.0303710885654605,0.0270237175172289
58,51.5094055008728,-0.161021393720155,36.478623906849,-1.26141683137996,0.0606915019575483,0.000258520071258372
58.5,51.5093999686341,-0.161021367329233,36.4642560540233,-1.26030010724935,0.0334830349669191,0.0304271854208868
59,51.5093942069645,-0.16102131556796,36.4301405427977,-1.27451529691633,0.0139026415564838,0.0305729561121408
59.5,51.5093885885152,-0.161021022506234,36.4453077067155,-1.25582373781825,0.0201777337148924,0.0418518005320123
60,51.5093827510231,-0.161020753624427,36.4328630261589,-1.26427715839888,0.0185947068964568,0.0225744670183264
60.5,51.5093771559361,-0.16102064122498,36.4459140943363,-1.25741244083847,-0.00424186932056181,0.00476430583820397
61,51.5093715810683,-0.16102088859449,36.4489577563945,-1.24262093639512,-0.0245309117299387,0.00908648169177639
61.5,51.5093660619425,-0.161021479221463,36.4434755842667,-1.23933859096682,-0.0343432451334403,0.02036519105991
62,51.509360341114,-0.161021851683217,36.4025001474656,-1.25503328628199,-0.0289409270307069,-0.00472894426374837
62.5,51.5093546393193,-0.161021683128796,36.4203203532379,-1.26105142705026,-0.00987527126781732,-0.00190101479619575
63,51.5093490546327,-0.16102200179362,36.4121582680382,-1.25011079996431,-0.0319309567390573,0.0025988909919028
63.5,51.5093433944874,-0.16102217599184,36.4394897026941,-1.27672981095843,-0.00958245763209263,-0.0149717383438239
64,51.5093376019463,-0.1610224483817,36.4425985051785,-1.25039378533264,-0.0334633368747952,-0.0267760132247059
64.5,51.5093320081058,-0.161022712336537,36.450012159301,-1.2382424234774,-0.0197556936401028,-0.0300899385543021
65,51.5093263444202,-0.161022860790085,36.4319393991027,-1.26377136418391,-0.00180216513417065,-0.0265658734674037
65.5,51.5093208707738,-0.161022973281743,36.4412505698856,-1.24079847526515,0.0398300708220556,-0.00538985405724757
66,51.509315225292,-0.161022707589182,36.4614294278435,-1.25876354140286,0.0482445727543623,-0.0210488034540034
66.5,51.5093093731283,-0.161022355917497,36.4540412297938,-1.27305025286459,0.0175483151626798,-0.0299405653554532
67,51.509303842152,-0.161022055479603,36.4880347847939,-1.23091452522093,0.00750944506617982,-0.0327798507455808
67.5,51.5092983961666,-0.161022032078575,36.4609389938414,-1.2323000896335,0.00109019734242861,0.00538636487184807
68,51.5092927097438,-0.161022035585121,36.470520210918,-1.22506347509989,0.00409597695783008,-0.00952567036597096
68.5,51.5092870899766,-0.161022112419073,36.508294711588,-1.22899037643494,-0.00131115272833055,-0.0188242388800971
69,51.5092817219598,-0.161022315791829,36.4658027167898,-1.2515685679808,-0.00472946628543663,0.005470357142902
69.5,51.5092761872469,-0.161022316678586,36.4881188322324,-1.2523835385116,-0.00129469653610635,-0.00893502663007295
70,51.5092705579026,-0.161022207399915,36.4628538673278,-1.26141290024622,0.00719308102989266,0.0111773670732089
70.5,51.5092650197412,-0.16102218776009,36.4367113532498,-1.25540472811842,0.00718831967712224,0.0284263894568512
71,51.5092593290411,-0.161022065585358,36.4059693799354,-1.25953785630097,0.00723309176837719,0.0113843605067254
71.5,51.5092543606186,-0.161022123927506,36.4294520751573,-1.02263901946124,-0.0047276468303841,-0.00378817265416653
72,51.5092504134419,-0.161021956877667,36.4715778068639,-0.793275393280345,0.0213064605053289,-0.0318752937252234
72.5,51.5092477704373,-0.161021835225098,36.5304449978285,-0.539789780365516,0.02481157469196,-0.0296311206643263
73,51.5092460201439,-0.161021840141928,36.484173508361,-0.305670722727563,0.0247694097591277,0.0173376894657908
73.5,51.5092448454011,-0.161021265333807,36.4918147714343,-0.224369531085719,0.0745646676720001,-0.0167508096214607
74,51.5092437732483,-0.161020313355587,36.5190193969756,-0.216965633249152,0.110210955459766,-0.0131665985437918
74.5,51.5092428695512,-0.161019197082321,36.6005905973725,-0.164345365762978,0.148273197978329,-0.0337950585072438
75,51.5092422227649,-0.161017656497682,36.5875859586522,-0.140454497997058,0.234644540328841,-0.0275074176718982
75.5,51.5092418311615,-0.161015757976206,36.5762802239042,-0.0577479451814331,0.246165198273211,0.0073031181864843
76,51.5092418828504,-0.161014006737368,36.5590398618951,0.00746252407120109,0.263206116030523,0.0231721293382699
76.5,51.5092420352338,-0.161012439983493,36.5643170459662,0.0541978333132294,0.240408151764205,0.0221223005608923
77,51.5092425936419,-0.161010902479711,36.5456341342069,0.119654194950293,0.236771983759751,0.0322608690760546
77.5,51.5092432943974,-0.161009415795323,36.5316794228274,0.15262546174828,0.194564361752512,0.013001592357603
78,51.5092440025556,-0.161008067148415,36.5490627153777,0.202979697541303,0.164592837286017,-0.00586034353455592
78.5,51.509244996926,-0.161007070672756,36.552065549884,0.213040497201989,0.0849692038760674,0.000222732672186088
79,51.5092459892152,-0.1610066804956,36.5569402135443,0.223490929524201,0.0153787505797395,-0.0050533462926669
79.5,51.5092477342692,-0.161006488748442,36.5254226669203,0.454834542511639,0.0134373597561351,-0.0243855923767418
80,51.5092503747372,-0.161006664365499,36.5309313528705,0.702085558812116,0.00625645008452217,-0.0126295221028715
80.5,51.5092542808444,-0.161006798766911,36.534241209738,0.959478084459326,0.017642154250071,-0.0256849967999914
81,51.5092593890217,-0.161007129132224,36.5467786772642,1.19814231119661,-0.0182697524610327,-0.0102829680006559
81.5,51.5092650137461,-0.161007389681676,36.5473109008744,1.2357466531194,-0.0224210628619877,-0.0198631232417054
82,51.5092707142089,-0.16100779591818,36.5184363794979,1.25673583899456,-0.0182041193914375,0.0238617491462146
82.5,51.5092762109807,-0.161007954503454,36.5201048899908,1.26755136432976,-0.0204724903454008,0.0113659669557434
83,51.5092818632605,-0.161007789567843,36.5189315727912,1.25775028245601,-0.00526403479219027,0.0119325875178308
83.5,51.5092875697286,-0.161007812388235,36.4778390643187,1.24007187384272,0.00301417103672162,0.0246180633714038
84,51.5092931273963,-0.161008076909984,36.4626841600984,1.26423641260698,-0.0370953991681026,0.0181861098034725
84.5,51.5092988347875,-0.161008284472594,36.4709010629449,1.25976780066821,-0.0303964436784438,0.0292174794915947
85,51.5093046213026,-0.161008540913888,36.4730253093876,1.26261405925812,-0.0049912884457233,-0.0242476890644157
85.5,51.5093102480236,-0.161008519811696,36.4848870027345,1.2478038647296,0.0160414544246734,-0.0449816932956506
86,51.5093158858639,-0.16100835728794,36.5016526707914,1.25145865886511,0.0266338678293656,-0.0351833459289
86.5,51.5093214424622,-0.161008175118001,36.5209982660599,1.23688102049788,0.0155255050410169,-0.0645345834692806
87,51.5093269262308,-0.161008150094845,36.5404690781143,1.22221018648398,-0.0041779161385969,-0.0585369075159147
87.5,51.5093324969949,-0.16100840478613,36.5720220976509,1.24236684840744,-0.0485525533084165,-0.0415857918880186
88,51.5093382389381,-0.161008833199631,36.5952464183792,1.26418842065618,-0.0378516698579815,-0.0187543443040801
88.5,51.5093438750016,-0.161009246060527,36.5699502041098,1.24949211350066,-0.0365342120285797,-0.0080774293765411
89,51.5093495030094,-0.161009486322794,36.5422381274402,1.26576001575107,-0.0102819538259935,0.0480484154345288
89.5,51.5093551783373,-0.161009387754836,36.5199201609939,1.25693221627005,-0.0220094046121502,0.0761682941195916
90,51.50936084908,-0.161009300543153,36.4647316217888,1.24482956136628,0.0162769440582587,0.0627387893675921
90.5,51.5093664548173,-0.161009227015173,36.4374247228261,1.23863955215018,-0.0114880927323679,0.057655210042909
91,51.5093719940029,-0.161009278513623,36.4225596368778,1.26017783751175,-0.000382600933322948,0.0238623040430889
91.5,51.5093775845038,-0.161009288505741,36.4096493022516,1.23646843360671,-0.0287029240422757,0.0385580189251332
92,51.5093833385549,-0.161009354971937,36.3958853925578,1.24311315529643,-0.00515718390061096,0.0205214069932135
92.5,51.5093888942264,-0.161009628148421,36.3910770991351,1.24060899732178,-0.0300393829417022,0.00635835285331521
93,51.5093946421435,-0.161009747982638,36.3940988860559,1.24557688997045,-0.0174886323749605,-0.0165685637660598
93.5,51.5094002661981,-0.161009847161781,36.3991286959499,1.24445039342206,-0.000380864165380335,-0.0267582188183491
94,51.5094058632461,-0.161009564354672,36.4222286029253,1.27214624636288,0.0207062520919501,-0.0152944859431197
94.5,51.5094114812483,-0.161009429005728,36.394047674723,1.2468503573359,0.0102222149810723,0.0013987245510757
95,51.5094170833281,-0.161009070906441,36.40684430697,1.24964007000775,0.0439275645390438,0.00780060610280964
95.5,51.5094227357167,-0.161008935282714,36.40963232168,1.25846602792709,-0.00317093755374685,0.00496795769953828
96,51.5094283552437,-0.161008941408292,36.4305981779471,1.23278168863852,-0.0121660220461292,-0.0101699033366283
96.5,51.5094339416734,-0.161008770946135,36.4428017898463,1.24482823432572,0.0166256901121571,0.00387941480980025
97,51.5094395759934,-0.16100836752232,36.4453632400837,1.23896684285729,0.0262330557607086,0.0181060398356613
97.5,51.5094451595371,-0.161008229040321,36.4532286133617,1.28412914415009,0.0130303756337337,0.0128686091254625
98,51.5094508882833,-0.161008243532732,36.443130238913,1.26142827947871,0.0193628928888845,-0.00731084427364836
98.5,51.5094564929712,-0.161008036133195,36.448701339541,1.23386972568211,0.0229435362694836,0.00421343304196853
99,51.5094619508997,-0.161007876299433,36.4648449930828,1.23374472346352,0.0454016522339509,-0.0269627575784939
99.5,51.5094675106614,-0.161007603640782,36.4554649358615,1.23543634459157,0.0530711424633091,-0.0225954355573847
100,51.5094731087581,-0.161007573742243,36.4750101505779,1.25191856531648,-0.00305380189508565,-0.0331874775521712
100.5,51.5094786343194,-0.161007427593344,36.485465377802,1.24428961294254,0.0174349556645391,-0.0158624761038855
101,51.5094842453593,-0.161007509035884,36.4739587579388,1.2450788581922,-0.0190580993142925,0.012480652049789
101.5,51.5094897966333,-0.161007746823787,36.4673399454914,1.2272795667402,0.00419770346784345,0.0118689501018864
102,51.5094954928144,-0.161007975474714,36.461596616311,1.24218414110403,0.0076291104573443,-0.00788847523789904
102.5,51.5095010851887,-0.161008121907399,36.4829055913724,1.26533799236091,-0.0106594493008509,0.00183234370801977
103,51.5095065866177,-0.161007842743359,36.5325372263324,1.24539457674538,0.0339214178119142,-0.0477192424519823
103.5,51.5095122785375,-0.161008074428761,36.526576893637,1.26795633512216,-0.0124311922029466,-0.0179105421124627
104,51.5095178842167,-0.161008146069592,36.5281556374393,1.26628238799108,-0.0278544438658632,-0.00945070006590931
104.5,51.5095234287585,-0.161008199286515,36.5180769637227,1.22826221352886,-0.0299437033429507,0.0158016286348979
105,51.5095288675191,-0.161008208628008,36.5192249938846,1.25213111605575,-0.0293993157619804,0.000802865242511608
105.5,51.5095345721327,-0.161008607367109,36.5080407599453,1.26888339517498,-0.0311012651142572,0.001677289976589
106,51.5095402525598,-0.161008469003775,36.5199311615434,1.26538638349115,-0.00980180191435831,-0.0243178676138643
106.5,51.5095458748244,-0.161008445681581,36.5369548348244,1.24489442124225,-0.00650078666310661,0.00635754264138866
107,51.5095515229491,-0.16100817475245,36.5594865931198,1.23762948034609,-0.000728036018853176,-0.00523724398219894
107.5,51.5095570555058,-0.161008173316925,36.5837190493476,1.26217442029356,0.00905666762919618,-0.0240191171868889
108,51.5095627585202,-0.161008027441534,36.609863453079,1.26640229975991,0.00559030526297426,-0.0174245118415103
108.5,51.5095685074266,-0.161008000676101,36.6434920816682,1.27850673290203,-0.00925472164259546,0.00278804047113945
109,51.5095742819464,-0.16100835227282,36.6379285929725,1.27022510766376,-0.0154528587475032,-0.0189644287708097
109.5,51.509579927607,-0.161008380281342,36.6547771117184,1.25876668071205,-0.00978640355676226,-0.0388871705170086
110,51.5095856289449,-0.161008593741514,36.661584030604,1.27470470736219,-0.0364691454380036,-0.022172347274047
110.5,51.5095906672754,-0.161008729025416,36.6679876185954,1.06403388017114,-0.034898707448106,-0.0278372241935632
111,51.5095947268683,-0.161008975184309,36.6870368449017,0.813672736736296,-0.0284883741808744,-0.00960160520298942
111.5,51.5095974576682,-0.161009057452616,36.7189062002581,0.548094825293266,-0.0189395097422096,-0.0176474729344631
112,51.5095991983888,-0.161009164844388,36.715854058275,0.292069985828769,-0.025278309934377,0.00794707813923634
112.5,51.5096003960784,-0.16100900230081,36.7076140886638,0.230827166678247,0.04463944153695,0.0160231052156416
113,51.5096013792786,-0.16100827300377,36.7192903938703,0.225946935081155,0.131430643980208,0.00128519938931257
113.5,51.5096020868529,-0.16100676125318,36.718757774448,0.14288647527712,0.186720332676131,-0.0367351931306443
114,51.5096026950549,-0.161005375213961,36.7065863867756,0.133356243590806,0.188340643045699,0.00582800171223058
114.5,51.5096031060676,-0.161003841220576,36.730096751824,0.0656703419096137,0.236123314932445,-0.0512597164262908
115,51.509603157527,-0.161002050683035,36.7604426215403,-0.00374341241021643,0.251171590188537,-0.0432912190169497
115.5,51.509603010346,-0.161000507042639,36.7518375755753,-0.0552767390241925,0.22584477200436,-0.0292689777001111
116,51.5096025437583,-0.160998895475372,36.7491901509929,-0.112740447192872,0.209092201224353,-0.0193005828260703
116.5,51.509601916874,-0.160997436466214,36.7536095073447,-0.158801668784543,0.196377741509691,-0.0191983248514986
117,51.509601092239,-0.160996366703333,36.7594317162875,-0.205872389778689,0.134111199989288,-0.0150413244181053
117.5,51.5096001343261,-0.160995834426794,36.748613397358,-0.251802398467936,0.0771128769599973,-0.00137477173311869
118,51.5095990654907,-0.160995566294215,36.7857467192225,-0.247336187462296,0.0267607905510939,-0.0168744727456903
118.5,51.5095972113934,-0.1609954858755,36.7795553929172,-0.461057914941856,0.00326092068850504,-0.015683380565276
119,51.5095942868764,-0.160995345102314,36.8059938263614,-0.723690936190891,0.0043211208774263,-0.0237123795166136
119.5,51.5095903443233,-0.160995247510432,36.8087185337208,-0.959421575067476,0.0327817768702833,-0.0175477846828648
120,51.5095853973428,-0.160995066215589,36.7813551602885,-1.18516435520672,0.00953898102005803,-0.00301133876255399
120.5,51.5095798734664,-0.160994985524618,36.7851875929628,-1.24366169151523,0.000234725168434712,-0.0311491660160922
121,51.5095741991347,-0.160995129522106,36.7870382517576,-1.25743913127175,-0.0110054471578165,-0.0131811865892703
121.5,51.5095685592698,-0.16099490752906,36.7823417463806,-1.26049917413105,0.0304321822146609,0.00125901790824623
122,51.5095629696001,-0.160994860631166,36.7652541657444,-1.23958955858656,0.017413010649767,-0.0123912276656359
122.5,51.5095573384593,-0.160994732238604,36.7613932748791,-1.25082795210792,0.0136974186600932,0.029538664288442
123,51.5095517030583,-0.160994749041338,36.7493107090704,-1.25441858330504,-0.0282677346821336,0.0207173615161381
123.5,51.5095461549288,-0.160995021175501,36.7565437690355,-1.24037369643797,-0.018669084494806,-0.0179231675016445
124,51.5095405728648,-0.160995306000557,36.7706971256994,-1.25884815613436,-0.0214661124411253,-0.0363603931368556
124.5,51.5095349799412,-0.160995566417512,36.7901995314751,-1.25558236776896,-0.0310445059306454,-0.0162683333088501
125,51.5095293527475,-0.16099582351324,36.7818425302394,-1.24766998109616,-0.0479910607532085,-0.00210844013173084
125.5,51.5095237012954,-0.160995870411617,36.7847161274403,-1.25135507089035,-0.0193361295634134,-0.00567799096448829
126,51.5095180583024,-0.160995898428935,36.7799121271819,-1.25034235094195,0.000551352763682211,-0.0112785497140573
126.5,51.5095123245304,-0.160995783013403,36.7959775906056,-1.26630401550267,0.026778158792801,-0.023956111400345
127,51.5095067273532,-0.160995716900947,36.7803361399565,-1.2336916506274,0.00762803394314763,-0.000587313884476304
127.5,51.5095011772698,-0.160995714299787,36.7829711344093,-1.21661689764563,0.0185438635685116,0.00295542784610092
128,51.5094957373773,-0.160995678914017,36.7814128277823,-1.2315744558071,-0.00411974343524941,0.0128870913722973
128.5,51.5094902305046,-0.16099552644311,36.7615356880706,-1.23908889624998,0.0272237478357266,0.00898074510974234
129,51.509484557331,-0.160995358543154,36.7471457778011,-1.25461254517833,0.00893659527301102,-0.00194344056803575
129.5,51.5094789617789,-0.160995377624161,36.7616865802556,-1.23121508002506,-0.0128036540512031,-0.0198434316046843
130,51.5094733585294,-0.160995343826712,36.76981145842,-1.2625454959983,-0.0165186285052157,-0.0297289098605872
130.5,51.5094676846867,-0.160995347424488,36.7626164737158,-1.2707082769554,-0.0105240512821946,-0.00736181996761487
131,51.5094620325588,-0.160995441402921,36.7767672890332,-1.26091433656711,-0.0152762289822181,0.00961098986730857
131.5,51.5094564270445,-0.160995682647329,36.7664998087566,-1.2459617803034,-0.0170594899353164,0.0243057710442276
132,51.5094507813505,-0.160995626397146,36.7905996935442,-1.26369325557566,-0.0097157160241263,-0.00721879432811667
132.5,51.5094450771597,-0.160995587348352,36.8058661310934,-1.24411932224808,0.0202046187429169,0.0217086284043152
133,51.5094394446387,-0.160995102080565,36.7870962852612,-1.25365059745955,0.0299483731812509,0.0264981826319383
133.5,51.509433806542,-0.160994865681744,36.7849075915292,-1.2479999624248,0.0466921926892967,-0.0161866204219093
134,51.5094281041481,-0.160994547127161,36.7835214259103,-1.26506351209508,0.0517452321900237,-0.0148655718035092
134.5,51.5094224171659,-0.160994308562938,36.7960060753394,-1.23580360329346,0.044592774721076,-0.0268291167439985
135,51.5094169528031,-0.160994053439024,36.8182299234904,-1.2213131293429,0.0289660432414736,-0.019346370479314
135.5,51.5094114058146,-0.160994021545077,36.828389609931,-1.23817176985632,-0.00294207102749282,-0.0176105304764582
136,51.5094058282593,-0.160994118961066,36.8152408790775,-1.252934084972,-0.00251773297572659,0.0141361334789322
136.5,51.5094002234085,-0.160994028031179,36.820235804189,-1.25976735446827,0.0140301949385205,0.00578530768038144
137,51.5093946795985,-0.160993823798078,36.8331520210486,-1.25438278183337,0.0215498187400924,0.00221370750656436
137.5,51.5093890539667,-0.160993720997455,36.809914693702,-1.24567188048506,0.0240980297844779,0.0327307910813042
138,51.5093836472529,-0.160993543180671,36.80480964249,-1.23186780854265,0.0118989877126579,0.0411653668846029
138.5,51.5093780113536,-0.160993284111115,36.8201304352842,-1.24894510243497,0.023697038374825,-0.00322008835423859
139,51.5093725065396,-0.160993175979791,36.8459473887924,-1.24134189441806,0.0284377935206068,-0.0196148820294115
139.5,51.5093668857905,-0.16099296345901,36.8666643707547,-1.23953083260889,0.0263519129446051,-0.00549125428496211
140,51.5093612893037,-0.160992720275439,36.8628029343672,-1.26725515888021,0.0276134846188725,0.000297471692834339
140.5,51.509355608131,-0.160992558154681,36.8760369715746,-1.27387398786371,0.0249792402680597,-0.0184870217033638
141,51.5093499536034,-0.16099242422308,36.8732661083341,-1.24287826120517,0.0319600690815877,-0.0166505854031415
141.5,51.5093443910961,-0.160992426098107,36.8646176692564,-1.23861438738984,-0.0102947290768828,0.00738759901139374
142,51.5093388053815,-0.160992555524253,36.8475759534631,-1.26263320323387,-0.00764892000788806,0.0214255088140438
142.5,51.5093330484881,-0.160992361939077,36.8380649846513,-1.26106851922599,0.0161460758343622,0.0182950622946079
143,51.5093273704872,-0.160992463492253,36.8111565089785,-1.26037602893577,-0.00417137051675806,0.07062803112127
143.5,51.5093218089343,-0.160992688505069,36.7795841216575,-1.25213808723008,-0.0133894470677087,0.044970028356347
144,51.5093162107645,-0.160992738754501,36.787130506942,-1.22797133935361,-0.00400218359255341,0.0231271928311083
144.5,51.5093106002828,-0.160992723069009,36.8010091278702,-1.25832460838377,0.00562744219639704,0.000792622765516171
145,51.5093048831759,-0.160992474172605,36.8135937692132,-1.24648840787593,0.0231804185081815,-0.0300547746728163
145.5,51.5092993020351,-0.160992351573179,36.8332755065057,-1.25122197134234,0.0026683638789692,-0.0202010150008042
146,51.5092936406931,-0.160992271988317,36.8393864675891,-1.26624511590782,0.029018206045497,-0.0147100202235817
146.5,51.5092880251444,-0.160992203765799,36.8683575149626,-1.2542214614372,-0.00700491978894119,-0.0198342892732586
147,51.5092824335458,-0.160992131907091,36.8813208567444,-1.22921220959658,0.0168481275903931,-0.0260889249238228
147.5,51.509276735612,-0.160991935530657,36.8729206973221,-1.27327326599934,0.0144464951003933,-0.00761884822399361
148,51.5092710577406,-0.16099172781438,36.8824841980822,-1.2596104571244,0.0324313946992304,-0.02760015753595
148.5,51.5092653218586,-0.160991656536003,36.9047475324478,-1.27430892626009,0.0138008149072764,-0.0303361003348466
149,51.5092595920163,-0.16099168784939,36.9035252244212,-1.26987636674452,0.0199304984087114,-0.00791779206463261
149.5,51.5092545425763,-0.160991564900416,36.8921672189608,-1.05907309086137,0.0241017931347895,0.0218513173028397
150,51.5092505907576,-0.160991414835414,36.8859522875864,-0.807022957177288,0.0254688753345083,-0.00110267138889097
150.5,51.5092477662919,-0.160991358717126,36.8946640184149,-0.545611325357776,0.000428039995757584,0.0166333604212511
151,51.5092460191647,-0.160991580833541,36.8781794975512,-0.298987871693115,-0.0204328516532771,0.0193085572981007
151.5,51.5092448168757,-0.160991571688494,36.8575667759869,-0.238629024969745,0.0331339291461094,0.0179716530929303
152,51.509243801212,-0.160990682448231,36.8647240588907,-0.206553526690061,0.126534305834035,-0.00865580088678258
152.5,51.5092429455731,-0.160989816723667,36.8745689662173,-0.172706589874224,0.148721810910176,-0.0260598478405063
153,51.5092422900253,-0.1609884467529,36.8776635711547,-0.131603802401158,0.20606008204076,-0.0122114576103313
153.5,51.5092418813111,-0.160986796689468,36.8707491601817,-0.0750037713118608,0.231532552096498,-0.00502129157905876
154,51.5092417003791,-0.160985174105836,36.8824182560202,-0.018602126258704,0.231376761980345,0.00686151404905786
154.5,51.5092419390203,-0.160983487767389,36.8831652831286,0.0397876547981763,0.251379107675038,-0.00217058473179247
155,51.5092423219457,-0.160981753013678,36.9020900630858,0.108340101374424,0.225827356346415,-0.0169640225845481
155.5,51.5092429478865,-0.160980380057797,36.917060663458,0.153483966164353,0.187083410043547,0.00164643398330165
156,51.5092438427804,-0.160979283371436,36.9243817969691,0.206961065006397,0.1388866949326,-0.0073034392787482
156.5,51.5092447743662,-0.160978517238869,36.9204227852169,0.208637181627758,0.0786426572395534,-0.00801532726420542
157,51.5092458232919,-0.160978168445374,36.9224033325445,0.241817229514304,0.0214558889921181,-0.00561364097694822
157.5,51.5092475493164,-0.160978141234626,36.9399485718459,0.46102565344893,-0.00126711018277096,-0.0442463914533626
158,51.5092503286974,-0.160978213282627,36.9418990339618,0.703047066102785,-0.0103485120375569,-0.00282122868718648
158.5,51.5092542613566,-0.160978559371384,36.9528375528753,0.970687859007069,-0.0097196327693287,-0.000691079521331572
159,51.5092593468134,-0.16097867580361,36.9605154690798,1.20421789616529,-0.00144207832427633,0.00334244554545771
159.5,51.5092647944503,-0.160978527251952,36.9404079238884,1.23522835762278,0.00145068218000374,0.00360937508891812
160,51.5092704128709,-0.160978648693562,36.9420461044647,1.25307332595993,-0.0194390470316607,-0.010218876138707
160.5,51.5092760481986,-0.160978740820242,36.9531190164853,1.25631453473147,-0.00224354909113082,-0.0404082910134367
161,51.5092817055893,-0.160978710156306,36.9950521851424,1.2599058243111,0.0112106374413206,-0.0561295563553666
161.5,51.5092873154329,-0.160978580093929,37.021175300004,1.24407579926141,0.0174653194047513,-0.0212866092183717
162,51.5092928597799,-0.160978374481967,37.0459130853415,1.23415067031051,0.01783251221137,-0.0173723116929002
162.5,51.5092984623835,-0.1609783054844,37.0525851764251,1.25313662744937,0.0142681102516767,-0.0128186418094142
163,51.5093041799962,-0.160978344263203,37.057374593569,1.25731234099286,-0.0104158366297435,-0.00351261781749512
163.5,51.5093096594983,-0.160978348935382,37.0471433696803,1.24286956458151,0.0143903485019201,0.0249821655119582
164,51.5093153224388,-0.160978291705511,37.0468625396024,1.26577633663817,-0.00881113194336853,0.0263525588036483
164.5,51.5093209949346,-0.160978300337493,37.0330265588127,1.25994318352772,-0.0040979528168955,0.026763945786164
165,51.5093266890498,-0.16097835822644,37.0189612635877,1.25685054335926,-0.00393403941134062,0.025371231534928
165.5,51.5093324059971,-0.160978462563659,37.0064512027893,1.2584794563844,0.00520353903550535,0.0283967129371895
166,51.5093380476812,-0.160978262327095,37.0247761984356,1.26760737159224,0.0168169420871455,-0.0272333257207023
166.5,51.5093436655764,-0.160978211870729,37.0334721524268,1.2627481163993,0.0021445421304142,-0.0486390036008556
167,51.5093492523354,-0.16097814796129,37.0449824423995,1.24628200239811,0.022120495331551,-0.0306151292411975
167.5,51.5093548269946,-0.160978145547795,37.0545923623722,1.23382199264334,0.00507956634514681,-0.030579898222207
168,51.5093604579112,-0.160977926369004,37.0717894923873,1.25767071672883,0.0122222266094608,-0.0414173242912322
168.5,51.5093661119083,-0.160978118159427,37.0699927678797,1.2503759973753,-0.006572073232681,-0.0165079464479451
169,51.5093717810842,-0.160978220063206,37.0649704921525,1.26059686544142,-0.0239295288710442,-0.0169456180427903
169.5,51.509377332698,-0.16097825859094,37.0919287353754,1.2457172233107,-0.0134225870810426,-0.04153956735622
170,51.5093829601371,-0.160978452414004,37.0940455798991,1.23530744707231,-0.0074154607112779,-0.0307003386774959
170.5,51.5093885565731,-0.160978453657815,37.1136879322585,1.24839786548935,-0.0115287372950607,-0.0483315719432421
171,51.5093941331281,-0.16097850483885,37.0970340380445,1.22860519688441,-0.00163058950540845,0.00450362262146187
171.5,51.5093997161297,-0.160978639856305,37.1041314490139,1.22101694486182,-0.0110403522718411,0.00952061113201141
172,51.5094051652979,-0.160978651685632,37.0982759513427,1.23717487139989,-0.00696744733931344,-0.00370153028452636
172.5,51.5094107594825,-0.160978773919684,37.0868056395557,1.23589670899046,-0.00030508164478177,0.0187245857772248
173,51.5094163289093,-0.160978687323444,37.0902508359868,1.23144545220769,0.0261649312027174,-0.0106582519324159
173.5,51.5094219611796,-0.160978454484986,37.0873971669935,1.24145654949176,0.00599207718577508,-0.00875478553250653
174,51.5094274741244,-0.16097830111294,37.0971980532631,1.25490014072985,0.0163974921546137,5.87198317224535e-05
174.5,51.5094331051555,-0.160978165743255,37.1088334734086,1.25960712923114,0.018431894433727,-0.006772380562999
175,51.5094387541344,-0.160978105939036,37.1149744314607,1.23128946856464,-0.0079956948368016,0.0138034014376105
175.5,51.509444440583,-0.160978291339939,37.1002424662001,1.26029256547536,-0.00675873817814016,0.0191954543790893
176,51.5094500944419,-0.160978035984686,37.1258219738957,1.26006821345781,0.0273015115683526,-0.0274108890113269
176.5,51.5094557448146,-0.160977995574146,37.1142968721688,1.26362330989357,-0.00329236290191004,-0.00845531097442209
177,51.5094613386389,-0.160977986563423,37.1048280447721,1.23899189187355,0.00872252950023597,0.000661376167207517
177.5,51.5094668973838,-0.160977700921179,37.138353191549,1.23816915921245,0.0324442463586476,-0.0200396858013064
178,51.5094724984637,-0.160977613322004,37.1606006894726,1.2559285247504,0.0275787977158289,-0.0434959789686528
178.5,51.5094780957605,-0.160977431296082,37.151472479105,1.25510563625163,0.023799524948092,-0.0177759179613134
179,51.5094836706411,-0.160977261279043,37.1673106858507,1.23290977951621,0.0334967514182875,-0.0432893960287106
179.5,51.5094892494501,-0.160977251850998,37.1688844065648,1.22800832715022,0.0255551762061481,-0.021292201490888
180,51.5094948657931,-0.160977233388971,37.1980105147231,1.23742447055106,0.000553466313260711,-0.0404374436952081
180.5,51.5095003948171,-0.160977080527484,37.2208309732378,1.23879599257173,0.0111537072478266,-0.0252673808844965
181,51.509505907732,-0.160977059373082,37.2276564049534,1.22770531744581,0.00597797685799253,0.0021790832954578
181.5,51.5095114205065,-0.16097706300878,37.2028806568123,1.2362584098269,-0.00968072594271801,0.0117573680936406
182,51.5095169717816,-0.160977069235563,37.1863984277006,1.25184995362609,-0.00493358011980549,0.0174123976534738
182.5,51.5095226045967,-0.16097712941534,37.1682208068669,1.24598436751723,-0.00795472628117296,0.0399459730803933
183,51.509528206648,-0.160976965765885,37.1704709837213,1.24788657656647,0.014824875070466,0.0126515550396938
183.5,51.5095338933209,-0.160976974581179,37.1645175062586,1.25420645309809,0.00397483458601122,-0.0150742913632304
184,51.5095394358716,-0.16097707272652,37.1491162311286,1.23384376300348,-0.00230890033474456,0.0404610242190359
184.5,51.5095449658896,-0.160976906266584,37.1318952389993,1.22541991893002,0.00621323084148407,0.0412951609199135
185,51.5095505843384,-0.160977092699039,37.1264738983009,1.25767699621507,-0.0195736036716084,0.0072903339942707
185.5,51.5095562079947,-0.160977209304561,37.0857466487214,1.25458218508115,-0.041303403606144,0.0419838699637735
186,51.5095618886721,-0.160977338495386,37.068343739491,1.25336522993226,-0.0188608843875083,0.0244423660174651
186.5,51.5095675874713,-0.160977463839864,37.045982621843,1.24682635247806,-0.00542242969578437,0.0135829612763146
187,51.5095730514877,-0.160977491112319,37.041115809232,1.22360395304881,-0.0121155306817505,0.010638489892134
187.5,51.5095787318362,-0.160977546121686,37.0410752336029,1.26767927123161,-0.00746614873670881,0.00057901076688105
188,51.5095844264481,-0.160977640902538,37.0162060076836,1.26787563686113,0.0012845279201214,0.012693967711419
188.5,51.5095894552511,-0.160977582478379,37.0111419563182,1.04620818398038,-0.0118968475913282,0.0477841507645846
189,51.5095934499764,-0.160977644440263,36.9865333798807,0.802853991789165,-0.00989667924673789,0.0250927965427014
189.5,51.5095963039312,-0.160977731496671,37.0014724091161,0.536657569477021,-0.0275740715259295,-0.0141883335503878
190,51.5095979740255,-0.160977834965258,37.0225047364365,0.282622454901337,-0.0392916818670172,0.00659988008055984
190.5,51.5095991027887,-0.160977499956745,36.9880104265176,0.270220083042789,0.0398809601788183,0.0332677370378778
191,51.5096001222559,-0.160976737225358,36.9919381781947,0.22797948264537,0.11267306901078,0.00989482971966218
191.5,51.5096009590974,-0.160975535552372,36.9926727614366,0.178943427578964,0.164102368210415,-0.00334326678209844
192,51.5096015858141,-0.160974030403123,37.009421139257,0.142484942097308,0.217313255266899,0.00501998723090863
192.5,51.5096021652479,-0.160972384232593,37.0179437999614,0.0975740619167657,0.231291095933153,-0.0296630059756774
193,51.5096024208206,-0.160970565915655,37.0425324174576,0.0332863577547209,0.229012256720695,-0.00715809065614326
193.5,51.5096023170601,-0.160968781271587,37.0488816688303,-0.0515346773808281,0.229877998932934,0.00468656121463077
194,51.5096018699135,-0.160967150554433,37.0487800876144,-0.126458639064442,0.2177357242648,-0.0112178584883483
194.5,51.5096011986316,-0.160965772098069,37.0561381224543,-0.173599803259173,0.187120687852241,-0.0198998961296514
195,51.5096003757199,-0.160964758983535,37.0640000971034,-0.197602413945589,0.132231064911927,-0.0194003960615646
195.5,51.5095993062932,-0.160963817107517,37.0911653463263,-0.249163184083051,0.103713312552872,-0.0215332427611226
196,51.5095982111525,-0.160963455373717,37.1000068888534,-0.251428589078736,0.0200631914139706,-0.0127755198577205
196.5,51.5095963940913,-0.1609632970378,37.0863977468107,-0.469648804530729,0.00193728139973162,0.0191843488905253
197,51.5095935517384,-0.160963301964225,37.1029144853819,-0.710421329968395,-8.37850376809494e-05,-0.0242243200601299
197.5,51.5095895979237,-0.160963199610079,37.1073129170109,-0.963632923462724,-0.00953498470281695,-0.000182459491130049
198,51.5095844706979,-0.160963216818745,37.1145307219122,-1.22741975806716,-0.00872818455520564,0.00146173128772031
198.5,51.5095788493172,-0.160963270664033,37.099781217752,-1.26120828845977,0.0174160601364495,0.0333352259705911
199,51.5095732769941,-0.160963197344561,37.0817961350549,-1.24134271632846,-0.0169950289190248,0.0029634647308433
199.5,51.5095676216081,-0.160963376779371,37.0856540712994,-1.24839105871968,-0.0190547180045343,0.00341695540115605
200,51.5095620232778,-0.160963352051697,37.0750899729319,-1.23975114025777,0.00592156145965942,0.0184638477482397
200.5,51.5095563830862,-0.160963330161198,37.0523585234769,-1.26577532325658,-0.00284450274543812,0.0120501094984976
201,51.5095506774729,-0.160963364740727,37.0486659819726,-1.27264919816013,0.0159876877348471,0.00412886837982918
201.5,51.5095449945462,-0.160963232460332,37.0278494164813,-1.25868771097166,0.0261876579935972,0.0107301847529047
202,51.5095393111319,-0.160963112656675,37.0279145119712,-1.2545452922559,0.022436776537437,0.00100628225990629
202.5,51.509533662576,-0.160962804336071,37.0256871685851,-1.26261516464936,0.0266219866020374,-0.00246777634407547
203,51.5095280799086,-0.160962720370862,37.0172175702173,-1.26303919205295,0.0065790759670267,-0.00270147922131325
203.5,51.5095223715709,-0.160962602353191,37.0467017444316,-1.2634200447193,0.00862494871951826,-0.0328313041947311
204,51.5095167610003,-0.160962489508209,37.0512576925103,-1.25336910565329,0.0237129950786936,-0.0142417185773921
204.5,51.5095111511588,-0.160962229258062,37.0689213722944,-1.2444913904756,0.031315212823301,-0.0312238819956495
205,51.509505595345,-0.160962008640785,37.094101635972,-1.24057443769307,0.0186039577765345,-0.0730218692734705
205.5,51.5095000129424,-0.160961964457838,37.1124151616823,-1.25201279911406,0.0108776268247158,-0.0233082313562626
206,51.5094942608283,-0.160961879916487,37.1230372288264,-1.26763160569227,-0.00590300506189758,-0.0199595260588012
206.5,51.5094886243663,-0.160961912405279,37.1365813359153,-1.23413493728997,-0.0132916034610694,-0.0206366280789069
207,51.5094831174589,-0.16096207652765,37.1454551289789,-1.23619032051994,-0.0207860224007131,-0.0201842113483381
207.5,51.5094776160764,-0.160962330774255,37.1613902926911,-1.23809425158234,-0.0225437259011678,-0.030558525625444
208,51.509471991381,-0.160962393114988,37.1759468277451,-1.24316996790635,-0.00996387508221203,-0.0286972225287894
208.5,51.509466431938,-0.160962631113786,37.1977348558139,-1.23992943865934,-0.0340601448830145,-0.0318492011348024
209,51.5094607677211,-0.160962637287922,37.2155064458493,-1.24736757975547,-0.0025798477500575,0.00146310983688747
209.5,51.5094550924045,-0.160962635640424,37.2160285445862,-1.26187296156671,-0.00642085950680596,-0.00750061532645674
210,51.5094494098691,-0.160962573649468,37.2163035934791,-1.26273144679005,0.0203940323194207,0.00480332928537308
210.5,51.5094438095832,-0.160962344606083,37.2321339379996,-1.25245126208021,0.0363630390762864,-0.010735847451394
211,51.5094381893298,-0.1609622175256,37.2448447390925,-1.25523261537882,0.00194370586604885,-0.0227876824640247
211.5,51.5094323989633,-0.160961957674035,37.2402044108603,-1.26109555711067,0.0335262683830131,0.00523347810311769
212,51.5094267464963,-0.160961848389241,37.2451746461447,-1.25523807919318,0.000406956356313429,0.00434161725835081
212.5,51.509421144641,-0.160961961527828,37.2600904095452,-1.25259577476931,-0.000679706508721871,-0.0379177083286663
213,51.5094155952992,-0.160962309325947,37.2411537729204,-1.24750301148989,-0.0401356396455315,0.0102492678226236
213.5,51.5094100345063,-0.160962591883636,37.2309879497625,-1.23521197885978,-0.00971620593920416,0.0132413871786916
214,51.5094043585709,-0.160962573516709,37.2097227983177,-1.2591245094015,0.00118700124728566,0.0363811796754352
214.5,51.5093988103087,-0.160962560339405,37.1907391354907,-1.24590293260792,0.01190588092054,0.0555329498608486
215,51.5093932908199,-0.16096236104523,37.1646036512684,-1.22820186584362,0.0058013057906898,0.0272911353704739
215.5,51.5093877778476,-0.16096240598418,37.1330519032199,-1.23884746293921,-0.00764980413344514,0.0323429353711892
216,51.5093822167108,-0.16096232552199,37.1228349963203,-1.24410464274878,-0.0183978441300042,0.018462774692304
216.5,51.5093765578261,-0.160962337042834,37.1049563440029,-1.26194595334054,-0.0129313083766963,0.0191552366418192
217,51.5093709265122,-0.160962475479151,37.1039240097161,-1.24162727910128,-0.0239328800344605,-0.000327241535992839
217.5,51.5093653645659,-0.160962517039425,37.1002924591303,-1.25309599491256,-0.00921669871532394,0.00690800482192044
218,51.5093597284362,-0.160962495866922,37.1158769906033,-1.2425843070718,0.00977444512789336,-0.0194051582274534
218.5,51.5093541416661,-0.160962534649485,37.1377979447134,-1.24321413628448,-0.0175323335777534,-0.040388105510849
219,51.5093484934992,-0.160962542452728,37.1444638846442,-1.26069793168915,0.0120728695382746,-0.00654237647559563
219.5,51.5093428088499,-0.160962369018384,37.1561781233177,-1.26448713946628,0.00974350470779986,0.0095814896065769
220,51.5093372166772,-0.160962363816767,37.1727698107716,-1.2392635019343,-0.0124249380743388,-0.0254554138249137
220.5,51.5093315906163,-0.160962289896931,37.1698886649683,-1.26750803664902,0.00999423794073697,-0.000609757015988088
221,51.5093259694609,-0.160962396824502,37.1785904588178,-1.23819709901973,-0.00691267954979181,-0.0225804210929091
221.5,51.5093203729467,-0.160962520551516,37.1715589568485,-1.23795257170951,-0.00833795311208276,-0.0118361325397702
222,51.509314783773,-0.160962459862171,37.1596744197886,-1.24992345177257,0.016832812832911,-0.0128651003059678
222.5,51.509309172143,-0.160962393260774,37.1554486998357,-1.24851484526178,7.29772948941162e-05,0.00726057232956179
223,51.5093036452929,-0.160962527001356,37.1279140966944,-1.24337858140667,-0.0083467364396643,0.0308673289629087
223.5,51.5092980713553,-0.160962640911732,37.1104794491548,-1.24142736898356,-0.0161218776296736,0.0234290714850154
224,51.5092924885548,-0.160962791182031,37.106872192584,-1.25914918430287,-0.0156781765548231,-0.00290978463773039
224.5,51.5092869127033,-0.160962875193208,37.1092739554588,-1.24905995200913,-0.0052933332696497,0.0213452299588279
225,51.5092812512661,-0.160962842683296,37.1178087005392,-1.25889236365046,0.0023164104076078,0.00163701776814096
225.5,51.5092756874764,-0.160962885555163,37.1386552751064,-1.24496622821786,-0.000642012684678294,0.00809194507018107
226,51.5092700789614,-0.160962998171811,37.1296077093575,-1.26188102707028,-0.00497443525466469,0.0238310324176308
226.5,51.509264423611,-0.160963019209931,37.1092214125674,-1.25158994293807,-0.00333586531879099,0.0184056121456845
227,51.5092587921496,-0.160963072957582,37.093819146743,-1.25935280848973,-0.00861227391752307,0.016657825022207
227.5,51.5092537429063,-0.160963042654568,37.0769089190289,-1.04004108465651,0.0257060524320233,0.00562330998298788
228,51.5092498083206,-0.160962980722244,37.0520935130771,-0.804573298597691,0.0225633064751343,0.0338805926391976
228.5,51.5092469600765,-0.160963023648814,37.0647539997008,-0.559387744072041,0.0161308838876298,-0.00208754424565566
229,51.509245199614,-0.160963089401614,37.0548721773084,-0.303116720754746,0.000735500935708209,0.0191336541635487
229.5,51.5092440317215,-0.16096272495302,37.0431060087867,-0.233883474317906,0.0778281102672578,0.0241373015616083
230,51.5092429409524,-0.160961949150548,37.042421348393,-0.226403818298241,0.126115022099569,0.0318359110533271
230.5,51.5092419616653,-0.160960788422003,37.0290329158306,-0.206305173721832,0.169235891881759,0.0177255280308259
231,51.5092413325183,-0.16095932429215,37.0401418269612,-0.118034380664245,0.222897669588713,0.00587703874437997
231.5,51.5092409727645,-0.160957615096991,37.0459953874815,-0.0748889537329215,0.240174823887388,-0.0175386351218284
232,51.5092408832473,-0.160955827010227,37.062610038789,-0.0101787411153833,0.251298829464168,-0.0373376837021763
232.5,51.5092409914213,-0.160953890670257,37.0872863819823,0.0483997441293034,0.26425042022934,-0.0545666632497163
233,51.5092414252275,-0.160952089281388,37.1082326886244,0.114927554836819,0.227821255952728,-0.0257352490717589
233.5,51.509242130889,-0.160950677927695,37.1094697436783,0.153859854162523,0.195099172944601,-0.0189179968236338
234,51.5092430661405,-0.160949615349187,37.1193833639845,0.201965815071548,0.140315359018735,-0.000293281996158259
234.5,51.5092440843657,-0.160948995858708,37.1088922696654,0.221187635021632,0.0828212150645639,-0.0223782387282983
235,51.5092451027037,-0.160948785772757,37.0915069011971,0.226933593549486,0.000563420865452562,0.0345667546240106
235.5,51.5092467545975,-0.160948842599027,37.0884246695787,0.458981326053743,0.00264899821720034,-0.00183704640855459
236,51.5092496623985,-0.160948928176715,37.1019174028188,0.722351393219239,0.0161382788395704,-0.00707669386144932
236.5,51.5092536547644,-0.160949027184544,37.1010100627318,0.970702855261022,0.00460178501833019,0.000926122608717994
237,51.5092587585121,-0.160948876135565,37.1088741633575,1.21641096914461,0.024609995147187,-0.00459191999980069
237.5,51.5092643564403,-0.160948848023799,37.1331333359703,1.2402653438203,0.0125761969099842,-0.0310439209117905
238,51.5092699073814,-0.16094870197911,37.1394178024493,1.24197894308508,0.0242801862117873,-0.0345739758421464
238.5,51.5092755398339,-0.16094865070678,37.135887473356,1.24400273707298,0.0147402430711874,-0.0169237868777211
239,51.5092811264515,-0.160948849991337,37.1459363347385,1.23438965624732,-0.0319848405413935,-0.00588123751588199
239.5,51.5092866724417,-0.160949028718314,37.1259637242183,1.24349934192112,-0.0232430982204698,0.0151083986783114
240,51.5092922403423,-0.160949086452115,37.1208132090978,1.24304393623867,-0.0233459349388345,0.0264077082109238
240.5,51.5092978284991,-0.160949046199054,37.0986523774918,1.24905357205581,-0.0070452874272166,0.0438337711918967
241,51.5093033347598,-0.160948942282009,37.0668048437219,1.23908167518233,-0.00159382711728921,0.0321469946023289
241.5,51.509308995726,-0.160948893364057,37.0403569343034,1.25444456688379,0.000509934044262046,0.0362039707980391
242,51.5093145845554,-0.160948909015954,37.0239155257586,1.22692001653873,0.000780025164884404,0.0459135373950746
242.5,51.5093202090913,-0.160948714924063,37.0144815712702,1.2448928169986,0.0289265945005538,0.0253584406417166
243,51.5093258751671,-0.160948644661945,37.0192840299569,1.25233865706059,0.0136016314884604,0.00121806701969018
243.5,51.5093314775445,-0.160948776944055,37.0137862300035,1.25457106654072,-0.0203973731449864,0.00431266132473518
244,51.5093370821596,-0.160948824836427,37.0216467648279,1.24754301182111,0.00281954451043738,0.00350658995633302
244.5,51.5093426516789,-0.160948871241633,37.0195685850922,1.23667009288773,0.00362903325389631,0.0250011835862299
245,51.5093482539389,-0.160948906916279,37.0136428412516,1.24788173387327,-0.00460368845666941,0.0406174131891244
245.5,51.5093539241908,-0.160948939909726,37.0074428168591,1.25222490589136,-0.0303736268969619,0.015256960930996
246,51.5093594431541,-0.160948858935622,37.0130168197211,1.22247178754934,0.0112058896133524,-0.000769806517631255
246.5,51.5093649804377,-0.160948936589706,37.0035535297357,1.23150701111734,-0.00194080037070671,0.0168529285475323
247,51.5093705544562,-0.160948881961786,37.0033653569408,1.24612957237561,0.00135980789846807,-0.00437523221952274
247.5,51.5093760532836,-0.160948748678275,37.0128684928641,1.22828916592932,0.00576739354149408,0.00369030581873142
248,51.5093815963188,-0.160948878235478,37.0155938914977,1.24254796544034,-0.00675264877244886,0.00608073625723105
248.5,51.5093871372279,-0.160949010126503,37.0166064903606,1.21933851830673,-0.00873572343425103,-0.000657520420708324
249,51.509392736253,-0.160949067630909,37.0122084021568,1.24725618697185,-0.0121740544465877,-0.0108108042373859
249.5,51.5093982894542,-0.160949198456911,37.0263731975574,1.23378008383283,-0.026072973009648,-0.0302612244255566
250,51.5094039064256,-0.160949350180202,37.0626964631956,1.24713825262153,-0.0277560068634731,-0.0523558254968556
250.5,51.5094094504003,-0.160949674498386,37.0652287844568,1.22975959406037,-0.0287251458525609,-0.0039976464449798
251,51.5094150338404,-0.160949839005249,37.075027565239,1.23566424295858,-0.0356075065867009,-0.0277129830237351
251.5,51.5094206363841,-0.160950213288032,37.0462823074777,1.25247605239786,-0.0283902395759533,-0.00151219795325908
252,51.5094263009439,-0.160950442071517,37.0357731881086,1.25090726965496,-0.0220286526341427,0.00520525547280271
252.5,51.5094319528238,-0.160950450638287,37.0231494298205,1.25323277298346,-0.00845393962274807,0.0210863867912172
253,51.5094375305451,-0.160950470887658,37.0175979209598,1.23006071082738,-0.0139126652317247,0.0188456847562175
253.5,51.509443043215,-0.160950454887467,37.0262872064486,1.23486824042415,0.00444624680605601,-0.011186960871335
254,51.5094487449886,-0.160950609097569,36.9935595956631,1.27340650532619,-0.0175020165477383,0.0409763741960653
254.5,51.5094543533293,-0.160950662171594,36.9804747288581,1.25506374746222,-0.023685710495169,0.0373895577451783
255,51.5094599305463,-0.160950911032817,36.9610977210104,1.24539564617121,-0.00835966289533578,0.0302538491196996
255.5,51.5094655566982,-0.160951012712387,36.9646913316101,1.25168732736537,-0.0137281450406644,0.0111067122016096
256,51.5094710953016,-0.160950922120149,36.9592504829634,1.25661145959063,-0.00417432062135414,-0.00479139897267422
256.5,51.5094767104226,-0.160950777577198,36.9693428426981,1.24879978420523,0.0199512753178263,-0.0120797595582782
257,51.5094823812069,-0.160950741814365,36.9578592753969,1.25752989345678,0.00370426117039198,0.0179375808365958
257.5,51.5094879413754,-0.160950720417097,36.957716033794,1.24464944636292,0.0123218663086344,-0.0112481407430093
258,51.5094935542515,-0.160950901667959,36.9316627313383,1.23879266803787,-0.0167621159668712,0.0254449080329042
258.5,51.5094991848438,-0.160950968834533,36.937906069681,1.2614949351044,-0.00872372079423496,0.00324130110929566
259,51.5095047401439,-0.160950889349174,36.934638766339,1.23980149831498,0.0151181673509632,0.00919596441150428
259.5,51.5095102833017,-0.160950882669185,36.9258374220226,1.24210325679121,0.0105237263444971,-0.00231313871684757
260,51.5095159484912,-0.160950774989857,36.9316046587192,1.26283150536783,0.0209012794119797,-0.00264498612263253
260.5,51.5095215664248,-0.160950510528824,36.9327348377556,1.24236789686098,0.031624589554458,-0.0173498297554063
261,51.5095272396454,-0.160950216606639,36.924290103605,1.25796285383326,0.0553181967358661,-0.0116978319807108
261.5,51.5095328653736,-0.160949949183785,36.9264405246358,1.26413653811957,0.0499134003071426,0.0178418477647696
262,51.5095384814762,-0.160949415245878,36.9273725710809,1.27036466991549,0.0705696169755344,0.0017912378864271
262.5,51.5095442529829,-0.160948978738381,36.9282098587137,1.26998734248115,0.0572718406536983,-0.0110064453468337
263,51.5095500275176,-0.160948612955691,36.9179944230709,1.27273798228092,0.0637983125615914,0.0110297643843678
263.5,51.5095556457545,-0.160948210789541,36.9220491060987,1.24400292192962,0.0381191144714983,-0.00349673759340552
264,51.5095611523145,-0.16094796246718,36.9118086020462,1.23673805177566,0.0256552249377574,0.00048980042657476
264.5,51.5095666778824,-0.160947687670758,36.9051990080625,1.24423745626255,0.024280541727515,0.0156338256260736
265,51.5095721984113,-0.160947543126628,36.9057123162784,1.23589360776495,0.00460573154644256,-0.00895281020905292
265.5,51.5095777600174,-0.160947563199157,36.9238527764101,1.2312510124919,-0.000935990573730805,-0.0317457097103838
266,51.5095833859014,-0.160947377538965,36.9325212137774,1.24669447768977,0.0250394758914887,-0.0304981841292989
266.5,51.5095884357995,-0.160947186092332,36.9174757082947,1.05671050402655,0.00169361906638081,0.0107942007995301
267,51.5095925464098,-0.160947211466013,36.9192857530434,0.825390730715655,-0.0215552543359764,-0.000813571053142559
267.5,51.5095954645104,-0.160947098755523,36.9118471010588,0.569975423083058,0.0121269685972185,0.022824733968846
268,51.5095972322557,-0.160946979976131,36.9167741688434,0.317155582187003,-0.012241044092462,0.0225524820769965
268.5,51.5095984437682,-0.160946975380784,36.9087950552348,0.262959737474558,0.0127121032467557,-0.0120917605165489
269,51.5095994448977,-0.160946357961366,36.9008634937927,0.212391038980453,0.105079314943084,-0.00414783274860722
269.5,51.5096004414008,-0.160945195909911,36.9032565527596,0.210110885220054,0.169674590545714,-0.00256355196048744
270,51.5096011655358,-0.160943571748039,36.8895531788003,0.138787503069557,0.229959102700932,-0.000232689673390754
270.5,51.5096016327957,-0.160941829991035,36.8903030026704,0.0824741418149657,0.226053982095729,0.00607752024654732
271,51.5096010105923,-0.160940193506107,37.0744462809525,0.0175264397495411,0.256403002786282,-0.0127505771020598
271.5,51.5096009681028,-0.160938337647112,37.0699597725179,-0.0399555472913708,0.24200441352705,-0.00700144087833148
272,51.5096005879891,-0.160936467863152,37.0683733862825,-0.127970362680818,0.260028598514023,-0.000696858257716336
272.5,51.5095999143868,-0.160934744278243,37.0839925997425,-0.166532676147218,0.207975142706721,-0.0382586914502105
273,51.509598175438,-0.160933868816557,37.2733810767531,-0.232031228477694,0.148231209167596,-0.0435730657011009
273.5,51.5095972677497,-0.160933350137055,37.2747513602953,-0.216864618183274,0.0563167326554625,-0.0280252812874753
274,51.5095962837198,-0.160933132814876,37.2885441207327,-0.240976702373282,0.0169863856380745,-0.0518354772477061
274.5,51.5095938041303,-0.160933127178754,37.4703866357449,-0.458965871474846,-0.000748327048068671,-0.012683745127482
275,51.509591132612,-0.160933160596432,37.4677340658382,-0.682498785763639,-0.000641111278317945,-0.00431665771600437
275.5,51.5095873129415,-0.16093312145006,37.45352732623,-0.939683614474946,-0.0181987711307452,0.0225313134007332
276,51.5095823091769,-0.160933149728878,37.4505612801295,-1.19398288362261,-0.0137973314193934,0.017278204464004
276.5,51.5095767077994,-0.160933102551163,37.4433608490508,-1.2733919355179,-0.0123189458210727,0.0145740083723004
277,51.5095710088244,-0.160933015245131,37.436076855287,-1.2700175283296,0.0223155588534668,0.0261392226092192
277.5,51.5095653482433,-0.160932873457751,37.4397009182721,-1.26776096624323,0.0174986848154239,-0.0122942843607154
278,51.5095596321469,-0.160932612894215,37.4392862082459,-1.25433037243527,0.0199243588663528,-0.00260908526759629
278.5,51.5095540162542,-0.160932491251465,37.4467412559316,-1.24196616805101,0.0134551528475721,-0.0165771999805773
279,51.5095483565629,-0.160932399887709,37.4442800844554,-1.26151624965157,-0.0011204712771393,-0.00173618046622281
279.5,51.5095427106785,-0.160932362676823,37.4477346891072,-1.2706966951731,0.00766849674621043,0.0164683767211493
280,51.509536938887,-0.16093238309005,37.4350427624304,-1.26981976042413,0.000328619329617514,0.0274446859103309
280.5,51.5095312383922,-0.160932381708636,37.4319875654764,-1.25574518413795,0.00220413982078529,0.00389624437436675
281,51.5095256035346,-0.160932282919886,37.4398099433165,-1.24345357495141,0.00987279664697215,-0.0126224670934214
281.5,51.5095200341983,-0.160932312179709,37.4300361108035,-1.24157879603134,0.0122312345675014,0.0292455319482785
282,51.5095145243258,-0.160932430984375,37.4028478348628,-1.23403420132205,-0.00984252282544978,0.0341586356831822
282.5,51.5095090297219,-0.160932429390873,37.359972326085,-1.24356355739205,0.00353468247560194,0.0611883373319665
283,51.5095034860486,-0.160932364470426,37.3346577277407,-1.24626720111449,-0.00778012556980378,0.0346959090515921
283.5,51.5094979108281,-0.160932292615359,37.3262004372664,-1.24659924181032,0.00270838165573877,0.0107945278893079
284,51.5094922909365,-0.160932245577706,37.3218838078901,-1.25241231380947,0.0111955210065441,0.00666293271357643
284.5,51.5094866419063,-0.160932034530502,37.321970715886,-1.24689627909346,0.0224016993792275,0.0010790922785634
285,51.5094810299161,-0.160931753738415,37.325233228039,-1.2404167147178,0.0471083980095643,-0.0121733226783631
285.5,51.5094754487802,-0.160931313308042,37.3247059562709,-1.23947085186181,0.0573896346973535,-0.00550844481944113
286,51.5094699105439,-0.160930943870073,37.3229267559946,-1.24096543405785,0.065401557669398,-0.00130726730151443
286.5,51.5094642700147,-0.160930529990265,37.3277539515402,-1.23902768849666,0.0371427602229752,-0.0111738853858744
287,51.5094586682152,-0.160930145660097,37.301400406519,-1.26126773043908,0.0540695977324904,0.0264449795963225
287.5,51.5094529140249,-0.160929814037461,37.2704122716095,-1.25706974463027,0.0381999877716966,0.0270793931621803
288,51.5094472355364,-0.160929507677215,37.2509614385199,-1.27566426633861,0.0423693486474671,0.00718423053501671
288.5,51.5094415956076,-0.16092929697208,37.2422000935767,-1.26223802966283,0.0206026760300249,0.000338415285102256
289,51.5094359667099,-0.160929084044352,37.2404535491951,-1.24912354797866,0.0339001722655327,0.0150621830942157
289.5,51.5094303500577,-0.160928848215134,37.2455891089048,-1.25843031827132,0.0194713277855713,0.000439378950984115
290,51.5094246320685,-0.16092878630137,37.2532544122078,-1.26679338761582,-0.00441743858825817,-0.0197749536075317
290.5,51.5094189208968,-0.160928729286188,37.2678069570102,-1.26770549980897,0.00463052514729559,-0.0244076029352696
291,51.5094131971479,-0.160928633964798,37.2751141665503,-1.27850262839136,0.0115093862459973,-0.0154450227916738
291.5,51.5094075729575,-0.160928584621765,37.2681084813084,-1.2576506680568,0.00478862522788638,0.00287819770921149
292,51.5094018561329,-0.16092864963396,37.27248991956,-1.27011794104567,-0.0119143094354256,0.00364878715000927
292.5,51.5093961508514,-0.160928739823047,37.2756200218573,-1.2750172602636,-0.0112452492809195,-0.019073507961733
293,51.5093904834611,-0.160928843497739,37.267948580673,-1.26039957577787,-0.00601337592062104,0.000920522761962195
293.5,51.5093849032794,-0.160929039216373,37.2526814837474,-1.2512924739744,-0.0237770323153804,0.000704682088183306
294,51.5093792672824,-0.160929307312549,37.263625059044,-1.23601085872296,-0.0388510427122686,-0.0131737269834289
294.5,51.5093736820121,-0.16092955589238,37.2989616303239,-1.24744200193085,-0.0271841325123842,-0.0575373487463452
295,51.509368125231,-0.16092984627687,37.3126303453464,-1.24612681707648,-0.0335554325204819,-0.0526579533882829
295.5,51.5093625536374,-0.160930164112628,37.3369050377514,-1.23490020573603,-0.0423621193967122,-0.0457835854693883
296,51.5093569873969,-0.160930384485977,37.343300731387,-1.24625136159767,-0.0439036223715446,-0.0582656408295794
296.5,51.5093514027197,-0.160930586458003,37.3585462353658,-1.22418498718056,-0.01377971844053,-0.0452389186731962
297,51.5093458506473,-0.160930470082211,37.3788885304239,-1.24635415104616,0.0259583951629955,-0.0308488483199255
297.5,51.5093403620615,-0.160930487872373,37.3931614945177,-1.22333911416252,-0.00391179887337481,-0.0456672296028999
298,51.5093347583789,-0.160930632044319,37.3973756975029,-1.25932587643969,-0.0129437034157247,-0.027276492236226
298.5,51.5093290592619,-0.160930778180359,37.3898199081887,-1.26505849868211,-0.0225408799414896,0.00621360811365446
299,51.5093234484298,-0.160930909700111,37.3692165401299,-1.23836015523998,-0.0155533825845882,0.0223619459972378
299.5,51.5093179750066,-0.160931171819686,37.3459337209351,-1.23996795617882,-0.0472315100200158,0.0432980926191251
300,51.509312480433,-0.160931574348934,37.3520690107252,-1.23855931288298,-0.0546181963995168,-0.000651435726977789
300.5,51.5093068843149,-0.160931829370912,37.3380366750062,-1.26584448103339,-0.0165915564504805,0.0095267849978915
301,51.509301201144,-0.160931804816741,37.3334297137335,-1.25589051924416,-0.00482036994735388,0.00786102118785192
301.5,51.5092956063219,-0.160931927645088,37.3448625549208,-1.2357670731676,-0.0259225378705372,-0.0328784882109769
302,51.5092900116756,-0.160932090682524,37.3481862985063,-1.23830480258707,-0.0184674676891187,-0.0139211932780258
302.5,51.5092844324644,-0.160932012258652,37.3631745318417,-1.23433321205825,0.000590690439418267,-0.0234059281056317
303,51.5092788809811,-0.16093199233632,37.3772710224148,-1.22748973832475,0.00916732880125858,-0.0292902028839116
303.5,51.509273342063,-0.160931990633331,37.3735639883671,-1.24726481966054,-0.0117549449283646,-0.000357766064563947
304,51.5092677712952,-0.160932147872573,37.3636431389023,-1.22433100404659,-0.00936980442523626,0.00738881997388863
304.5,51.5092621613474,-0.16093224590512,37.3103181379847,-1.26579759843309,-0.00112610809455751,0.0418250589287428
305,51.5092565489474,-0.160932340587712,37.3124564124737,-1.25467153284089,0.0129137393068762,0.0139048200178947
305.5,51.5092516003989,-0.160932347480176,37.298908932833,-1.01076553722546,0.0186758775234968,0.0330276483368872
306,51.5092477130824,-0.160932254494107,37.287614173023,-0.793416713044178,0.0305694854006376,0.0116249051124401
306.5,51.5092448654298,-0.160932264372707,37.2883117855527,-0.550118692533128,-0.00899557674866039,0.00718079567662999
307,51.5092431965469,-0.160932310561071,37.3005397175439,-0.287646716513168,0.00228262071514482,0.00652592627216778
307.5,51.5092420166614,-0.160932162648953,37.3022149973549,-0.254912432473484,0.0591277289945215,-0.00848285294587353
308,51.5092409336532,-0.160931453872177,37.2951451335102,-0.213381145363165,0.105285815702204,-0.00147131344104533
308.5,51.5092401561381,-0.160930430389727,37.3074789003003,-0.165481630627624,0.168261813609913,-0.0195249204741511
309,51.5092395694224,-0.160928941454228,37.322913803393,-0.123607841364601,0.220333715522722,-0.0300360143895599
309.5,51.5092391600484,-0.160927218316799,37.3479548350442,-0.0817923196137902,0.242972913160413,-0.0266440509474615
310,51.5092390630088,-0.160925757290677,37.3457541200332,-0.00972316293305209,0.228941766287005,0.00226326804281787
310.5,51.5092392381746,-0.160924046686404,37.3256973593961,0.0656121651353478,0.245654086529018,0.0166920475324011
311,51.5092396411187,-0.160922129403529,37.3260811814107,0.101589652969025,0.243453684068448,0.0129395234809015
311.5,51.5092402553006,-0.160920664890149,37.3071874156594,0.144929945314816,0.196217527835396,0.0120868572491712
312,51.5092411388026,-0.160919537475091,37.330161744263,0.212041216000613,0.14511268490483,-0.0155249000343236
312.5,51.5092421923456,-0.160918761747745,37.325980888214,0.213386474920948,0.10390149516834,0.00388251709247932
313,51.5092431966982,-0.160918203462685,37.3238438735716,0.219353394547907,0.0339902271855249,-0.00784957461110157
313.5,51.509244832831,-0.160918005024509,37.3392367747147,0.445119306279738,0.0191797498682376,-0.013208638857286
314,51.5092477020991,-0.160917887778918,37.3500471350271,0.703523572968861,0.0299990412305992,-0.0143236242592132
314.5,51.5092515692799,-0.160917866788673,37.3329927434679,0.932818749616516,0.022155228239499,0.00226556847579268
315,51.5092565919364,-0.160917886790699,37.3295624461025,1.19230193970176,0.0193369224513788,0.00816488192619336
315.5,51.5092620500223,-0.160917869058238,37.3192094077822,1.22844478214595,0.00588761124572501,-0.000883018188167939
316,51.5092675760616,-0.16091767401777,37.3177334181964,1.23841733849669,0.0297070823240674,-0.0105470170056016
316.5,51.5092732042887,-0.160917559285188,37.3383492808789,1.24687304431844,0.000815211213754389,-0.0172836069642036
317,51.509278791053,-0.160917569330391,37.3318786793388,1.26703324571223,0.00952005904063608,0.000100740077550232
317.5,51.5092844976265,-0.160917519104669,37.3232624430675,1.26266120513211,0.0263045118129274,0.00898767769573827
318,51.5092901088524,-0.16091728628568,37.3195712764282,1.25420462761752,0.0169410107945639,-0.0154018603737882
318.5,51.5092957783573,-0.160917333783672,37.302907702513,1.25332288001848,0.00715757345541119,-0.0153618356204425
319,51.5093014159768,-0.160917376254078,37.3061218129005,1.25080073558121,-0.00173588687013537,-0.00980610531555215
319.5,51.5093071047497,-0.160917507801847,37.3235394675285,1.24773767982924,-0.00416114435456816,-0.0157701794236854
320,51.509312736286,-0.16091752168522,37.3561965320259,1.25538861662674,-0.000232696640408955,-0.0606377419446302
320.5,51.5093184221139,-0.160917679342052,37.3672378845513,1.25851359525298,0.000425092234116601,-0.0375441864674925
321,51.5093241135636,-0.160917812658632,37.3616538655479,1.25748602667423,-0.0132523680032102,-0.0266406484117642
321.5,51.5093296914801,-0.160917906290645,37.3571900269017,1.23452889240238,-0.0066489374543278,-0.0149584902055415
322,51.5093352121286,-0.160917895714848,37.3522966431919,1.22861898454315,0.00230130855478326,0.0316220975388647
322.5,51.5093407911179,-0.160918011881031,37.3359248128254,1.23870889894769,-0.0169292306645703,0.029087616845228
323,51.5093464022077,-0.160918255689285,37.2999549910892,1.25160535600663,-0.0262648351973432,0.0779571049568736
323.5,51.5093520354576,-0.160918486660608,37.2752245005686,1.25207893560712,-0.0246976306090187,0.0534835694001986
324,51.5093575780859,-0.160918559431214,37.2526717276778,1.23624664071587,-0.00509812453377921,0.0351274375505307
324.5,51.5093631575731,-0.160918742611484,37.2304975399747,1.24746946945197,-0.0193419012271773,0.0219912279012831
325,51.5093688629966,-0.160919068698337,37.2066237891559,1.27474475055905,-0.0416883098299039,0.0211830774544851
325.5,51.50937455489,-0.160919357640648,37.194026278099,1.25927698702557,-0.0326887514094977,0.0155211064779174
326,51.5093801783026,-0.160919380759441,37.1768313529901,1.25610803993228,0.0176814953813124,0.0310977381927259
326.5,51.5093858174384,-0.160919383088352,37.1556899417192,1.25906402394522,-0.0130659655400685,0.036423490186094
327,51.5093915244147,-0.160919537495043,37.1294594998471,1.27245202941731,-0.0128854689214825,0.0396014525514755
327.5,51.5093971930538,-0.160919630186139,37.0935369536746,1.26407737743941,-0.0135153595906942,0.0510168808510323
328,51.509402790649,-0.160919721531077,37.0582983931527,1.23525672424622,-0.0118955323283346,0.0431644723548048
328.5,51.5094083829492,-0.160919773595622,37.0642636867706,1.23760073740463,-0.0114818683012497,-0.00349119121268804
329,51.5094139416946,-0.160919984892338,37.0590304685757,1.22875395364443,-0.0179497081275462,0.000317477871721872
329.5,51.50941952984,-0.160920227108261,37.0489860223606,1.24874018971803,-0.0199550058787026,-0.00828192212975554
330,51.5094250973378,-0.160920164913415,37.0729180849157,1.26125387559716,0.00682123063153891,-0.0274550172188622
330.5,51.5094307802882,-0.160919935759274,37.1095050708391,1.2454608347487,0.0194640192384607,-0.0358743538510571
331,51.5094363222778,-0.160919784849882,37.1176987048239,1.23570800504083,0.0260326493053296,-0.0229377182591045
331.5,51.5094419949634,-0.160919712916221,37.1388192963786,1.26339128887781,0.0310575869171182,-0.0360425435504466
332,51.509447642561,-0.160919560015392,37.1390677245799,1.23744046072372,0.00501094628080273,-0.023262553718025
332.5,51.5094532116463,-0.160919513898332,37.1428968743421,1.24226859042424,0.0119954851590806,-0.022205154017565
333,51.5094588677121,-0.160919687390256,37.1201631783042,1.26875730378959,-0.0168722171374083,0.0182399515529543
333.5,51.5094645438283,-0.1609195814112,37.1331603422295,1.24309514145638,-0.000544920332218142,-0.020521480604153
334,51.509470131503,-0.160919403321632,37.1286767725833,1.24095978835289,0.00175283083921241,0.00699869862536218
334.5,51.5094757119036,-0.160919466888064,37.1225770837627,1.25337889481808,-0.0146679307577483,0.00867080841302281
335,51.509481353993,-0.160919548355596,37.1041422202252,1.24119853319517,-0.000139914130184359,0.019107453158598
335.5,51.509486918998,-0.160919438473759,37.0824559032917,1.24806534820672,0.00925185515200915,0.0364861770008668
336,51.509492523923,-0.160919193561108,37.084684436908,1.23888220658132,0.00151161948790978,0.0121794361169303
336.5,51.5094981231302,-0.160918942055038,37.0784903850872,1.24212888244461,0.0217775901757761,0.0129214000333183
337,51.5095037661128,-0.160918883467925,37.0854475407396,1.25985382389293,0.00140950167640979,-0.0173767440368888
337.5,51.5095093972473,-0.160918973371524,37.0830901281442,1.25502378967727,-0.0154765712825257,-0.00297901144591994
338,51.5095150225181,-0.160918908346714,37.0873754702043,1.24570987820417,0.0108874323496469,-0.00937212746458338
338.5,51.5095205682782,-0.160918899218895,37.0747022938449,1.25201647716102,-0.00849091533267339,0.00832593788653613
339,51.5095261397608,-0.160918806493444,37.0715754409321,1.22826792862128,0.00905249140341686,-0.00881606912665189
339.5,51.5095316967004,-0.160918851130278,37.0844057195354,1.245032336095,-0.00527930616560065,-0.0110395975864516
340,51.5095372769785,-0.160918928733156,37.0807711372618,1.24211512315551,-0.0148877053698044,-0.0118915104525453
340.5,51.5095429386543,-0.160919057294668,37.0848453796934,1.25311581312616,0.00161964583417923,-0.0118846438280663
341,51.5095484900832,-0.160918862865425,37.083977092756,1.24656840374621,0.0222837366764161,0.0159187254882616
341.5,51.5095542027326,-0.160918791656461,37.0963591388427,1.26471408692775,0.00478081088162972,-0.0148377017989387
342,51.5095599817095,-0.160918963992528,37.0826533236541,1.27343841548204,-0.0078829811783495,0.0323699417087723
342.5,51.5095656168265,-0.160919026706518,37.0630067700986,1.25072504002169,-0.00979541599179884,0.0253181907772814
343,51.5095711838858,-0.160918980873624,37.0321184303612,1.24684650397302,-0.00191447934273553,0.0532179054148051
343.5,51.5095767588127,-0.160918856110488,37.0225492706522,1.23241255657599,0.00739722885996191,0.0265889601933247
344,51.5095823898377,-0.160919047555321,37.0236094901338,1.23009299416965,-0.0424924281300752,-0.00449439515627281
344.5,51.5095872761776,-0.160919207388709,37.017758814618,1.02484729758551,-0.0265203178244366,-0.00455848568443101
345,51.509591218551,-0.160919174700424,37.028819846455,0.794679707689131,-0.00114820295142263,-0.0025623420763714
345.5,51.5095940479557,-0.160919165440213,37.0350558992941,0.55173371695713,-0.000999944152667101,-0.00334875741423368
346,51.5095957201399,-0.16091910242584,37.0444228914566,0.29981985185588,-0.00263898747951254,-0.00751661094062017
346.5,51.5095960363709,-0.160919009180315,37.2221788624302,0.223633970661623,0.0535727536538499,-0.00598550292220128
347,51.5095961584897,-0.160918457073307,37.3982100049034,0.190720494001338,0.113299639216649,-0.0105595917864372
347.5,51.5095969728628,-0.160917549376318,37.3699844940566,0.166690518836577,0.135476339551249,0.0233715573986857
348,51.5095976371525,-0.160916228493411,37.3835315820761,0.122592408702107,0.195145958005979,-0.0246232966606217
348.5,51.5095981099224,-0.160914845313959,37.3658405223396,0.0747350287340802,0.192429691464826,0.00900188750758625
349,51.5095982393462,-0.160913178698365,37.3646553498693,0.00571820943943713,0.24139348577166,-0.000877339157859823
349.5,51.5095981810028,-0.160911513280463,37.3393057356589,-0.037973435861639,0.227238058224157,0.0247127480252761
350,51.509597816158,-0.160909982837999,37.3096289830282,-0.0957777694779881,0.196477983813744,0.0222301998641317
350.5,51.5095972904943,-0.160908696937248,37.3476927070878,-0.149669400817925,0.165172033154158,-0.0348749853286278
351,51.5095965215386,-0.160907728623089,37.3430161427241,-0.203963918584904,0.123302897429401,-0.0104524824768021
351.5,51.5095955969745,-0.160907117778421,37.3329674713314,-0.235071951283947,0.0651006066524369,-0.00673166973213705
352,51.5095945388226,-0.160907031286792,37.3215908037964,-0.2432817127979,0.00437857488657107,-0.0116679017644602
352.5,51.5095927264486,-0.160907043972189,37.3299510846846,-0.460130078130895,-0.0170268957920705,-0.00950715955394671
353,51.5095898892153,-0.160907218620762,37.3059902500827,-0.706241685559384,-0.0363671393596728,0.0384520023737958
353.5,51.5095859136149,-0.160907362537934,37.2993470970541,-0.973648216087204,-0.0337931403487768,0.0358971969690055
354,51.5095808820648,-0.160907638589476,37.3013949634042,-1.18789164730192,-0.0502176008917448,0.00365438559500941
354.5,51.5095753613059,-0.160907759968635,37.3288143489044,-1.23908359268157,0.000550133982977479,-0.0163049513527658
355,51.5095698469762,-0.160907837884341,37.3321122983471,-1.24161372617458,-0.00957526122085966,-0.0216160355224166
355.5,51.5095642850256,-0.160907863060735,37.3350221437868,-1.25651060289353,-0.00103962707726892,-0.0207989284347345
356,51.5095586824353,-0.160907873962353,37.3414014314767,-1.24597701625312,-0.00319995772996146,-0.0131241158439965
356.5,51.5095531228016,-0.160907957565919,37.354110857239,-1.23285612341977,-0.0141991998345932,-0.0204172639182185
357,51.5095474168827,-0.160908030147094,37.3766837841831,-1.27542230032084,-0.00898635309533839,-0.0333117573659666
357.5,51.5095417439804,-0.160907949695052,37.3952600667253,-1.26443903596771,0.0168224306384024,-0.0605575713758685
358,51.5095360756705,-0.160907627322242,37.4151874119416,-1.27020713587601,0.0331980596910102,-0.0466214127568146
358.5,51.5095303792086,-0.160907373172077,37.4449185885023,-1.26340731564144,0.0378413554177883,-0.0417120150414065
359,51.5095246914423,-0.160907169892499,37.4690646026284,-1.27075838981782,0.0187148722709512,-0.0403352650817961
359.5,51.5095189370439,-0.160906848461108,37.4888404922094,-1.26734579025753,0.0199848198541409,-0.0277578033043315
360,51.5095132536116,-0.160906866677962,37.4934374170844,-1.26764395928274,0.00230179635295753,-0.0235135845188319
360.5,51.5095075810737,-0.16090682358469,37.507439205423,-1.26263876556951,-0.000900866557676971,-0.0295733392064649
361,51.5095019049832,-0.160906977702844,37.5171591294929,-1.25778751191372,-0.0134559864900881,-0.0236855275173321
361.5,51.5094963007514,-0.160907038581508,37.5338336089626,-1.25214447947101,-0.0116149713781577,-0.0395484005098558
362,51.50949063819,-0.160907041099762,37.533893307671,-1.26316886056451,-0.00163915745626781,-0.00475280325133542
362.5,51.5094850831433,-0.160907042129924,37.5336001152173,-1.24469959952299,-0.00160331992148345,-0.0205479331053111
363,51.5094794229348,-0.160906941713594,37.5706299399026,-1.26668420801778,0.0069942902803509,-0.0477313687741339
363.5,51.5094738378274,-0.160906850870836,37.5670344203245,-1.23802494986378,0.00680148790486874,-0.0159165368879892
364,51.5094682082252,-0.160906825697052,37.5661680095363,-1.23797566066225,-0.00189239357819817,0.000485112249729913
364.5,51.5094626158937,-0.160906830460272,37.5612846205477,-1.24880783143748,0.00664099856802113,0.00304077655797064
365,51.5094569855131,-0.160906621958355,37.5536316146608,-1.26136495378094,0.0149938595559843,-0.000918396754394202
365.5,51.5094513619935,-0.160906576405415,37.5594163234346,-1.25592157827101,0.00335884056180323,-0.0200045172129518
366,51.5094456530877,-0.160906633169576,37.5739511949942,-1.2895090185147,0.000551832527886954,-0.00981512779037674
366.5,51.5094399498192,-0.160906593127422,37.5588566111401,-1.25491904315421,0.0156573160140176,0.00881018902285757
367,51.5094343977444,-0.160906675009752,37.5555591983721,-1.24153293011978,0.00970531447797391,0.00511321080330462
367.5,51.5094287339986,-0.160906428530906,37.5559822239447,-1.25314426571887,0.0404600760948139,0.01213768612084
368,51.509423120152,-0.160906297036363,37.5369042358361,-1.25339161405321,0.0161655304959655,0.0134387533956678
368.5,51.509417493964,-0.160906170368875,37.5491728831548,-1.2469988841811,0.00584898830974627,-0.000280416140849504
369,51.5094118802581,-0.160906331586305,37.5354651592206,-1.24860960665692,-0.0206532352636122,0.0037992345440665
369.5,51.5094062557501,-0.16090633250587,37.5497565655969,-1.25680508302735,0.0157586950224716,-0.0229957471763201
370,51.509400650589,-0.160906152159456,37.5497521653306,-1.23831959035234,0.0108208153560868,0.00222226546477744
370.5,51.5093951793463,-0.160906146263608,37.5357965272851,-1.2247609058162,0.00623939807309095,-0.00526377155153268
371,51.509389639361,-0.160906068214014,37.5320426295511,-1.23775036143945,0.0028258237193808,-0.00258701450073229
371.5,51.5093840862237,-0.160906099633456,37.5408190209419,-1.23336899467234,-0.0172454494505512,-0.0240863343402092
372,51.5093784407323,-0.160906119555355,37.5236007273197,-1.24568767771171,0.00167559237240855,0.00191480675913791
372.5,51.5093729679569,-0.160906205294272,37.5015831619967,-1.22677295526299,-0.0119685138416311,0.0190813162940575
373,51.509367438544,-0.160906088172108,37.4969716535416,-1.24488015538554,0.00890471777971631,0.0149079687614463
373.5,51.5093618517764,-0.160905909507549,37.4829845034983,-1.2417499075915,0.0299531138778348,0.0117918772235011
374,51.5093562629724,-0.160905572093279,37.500287323026,-1.24323749051684,0.0257958096645045,-0.0033846611839885
374.5,51.5093507009911,-0.160905480145313,37.4990835159551,-1.25083157589103,0.0275753496311389,-0.00846687638015076
375,51.5093449848727,-0.160905324236601,37.5303458019625,-1.26124380065852,0.0261234551488304,-0.0534155325090677
375.5,51.5093393715929,-0.160905255074906,37.550089398399,-1.24603682942774,0.0166747257948875,-0.0642219491901886
376,51.5093336626971,-0.160904980434745,37.5563176195137,-1.27093059035671,0.0250597113983065,-0.0453998425829093
376.5,51.5093279689402,-0.160904724809286,37.5771798638161,-1.27083775946693,0.0299880440617453,-0.0371420668326402
377,51.5093223234973,-0.160904745788104,37.5857683033682,-1.23887305626152,-0.00214687878235578,-0.0248843675985032
377.5,51.5093167143228,-0.160904696472823,37.5716932141222,-1.24655282487916,0.0104406006712901,0.00622293273687291
378,51.5093111374092,-0.160904728401323,37.5799495265819,-1.23660122877024,0.00942962830888133,-0.00916078590014646
378.5,51.5093055077109,-0.16090470227436,37.5786301356275,-1.26884534121882,0.0198791256991276,-0.0155498110150528
379,51.5092999032341,-0.160904730988982,37.5724162352271,-1.24779945410119,0.0144826773538577,0.0035023670109654
379.5,51.5092942524606,-0.16090485118212,37.5582293577027,-1.26210660932018,-0.0277416386829498,0.0246545370130687
380,51.509288591741,-0.160904977982355,37.5267024375498,-1.25110349902363,-0.0261016540411834,0.0453507136983657
380.5,51.5092829187769,-0.160905133160981,37.484220944345,-1.26890074406154,-0.0301618159972893,0.0580747248577884
381,51.5092773286087,-0.160905309965292,37.4462567116134,-1.24804992245879,-0.0353182903811385,0.065839669498872
381.5,51.5092718009874,-0.160905387550699,37.4387718418147,-1.2390919577876,-0.00965853457810793,0.0153690854987161
382,51.5092662197596,-0.160905537627015,37.4464495626744,-1.25251442426662,-0.0327943197556869,0.0106420735968968
382.5,51.5092606733689,-0.160905713369561,37.453625100432,-1.2563839717773,-0.00986397404005016,-0.017800869658767
383,51.5092551231516,-0.16090590359928,37.4653512968216,-1.25214369357959,-0.0368197484433348,-0.0274214107846029
383.5,51.5092501733721,-0.16090590406052,37.4752048326191,-1.03481093800582,0.0124986620655773,-0.00955826368407403
384,51.5092462579481,-0.160905918340157,37.4737010509707,-0.793999248649684,0.0227490441008243,-0.0116115591102485
384.5,51.5092434575544,-0.160905903182031,37.4823488260154,-0.554087674855564,0.0122607834625744,-0.0145493230899594
385,51.5092417573298,-0.160906062525495,37.4813737899531,-0.299354911166428,0.00374231033654091,-0.0115614118171973
385.5,51.5092404875236,-0.160905783745567,37.4972629770637,-0.264958915138938,0.0513106698333993,-0.0191649551165413
386,51.5092393755027,-0.160904907829543,37.5098164558876,-0.222552572863407,0.124074525519511,0.0113220146494716
386.5,51.5092385207752,-0.160903796894991,37.4957839492708,-0.184193336773299,0.151048093088525,0.0361098352426459
387,51.5092379229105,-0.160902491154797,37.4770838208497,-0.115226789072491,0.212994912918234,0.0359107788830596
387.5,51.5092375651266,-0.160900883527344,37.4632440009154,-0.0675021173793804,0.246444910852997,0.026815683626365
388,51.5092374527505,-0.160899030952706,37.4594350217376,-0.0140909493633469,0.276130326416228,-0.00345406716136434
388.5,51.5092375889734,-0.160897145014428,37.4544034877326,0.0457257376581139,0.253167695035828,-0.000649951581902414
389,51.5092379619561,-0.160895490100909,37.4508409316186,0.0955505876974152,0.239295274320047,-0.00255783569936022
389.5,51.5092386431276,-0.160894246943599,37.4508020745125,0.167013675872602,0.170292366918455,0.00245275015899907
390,51.5092394955719,-0.160893158372812,37.4353092983365,0.188890914435356,0.142299253487377,-0.00287063349573843
390.5,51.5092405370039,-0.160892568801205,37.4331035418436,0.23620217573496,0.0907869396280863,-0.00377121057039863
391,51.5092416897935,-0.160892362413591,37.4454681535717,0.255873419599463,0.00131955153872459,-0.00949632264271494
391.5,51.5092434509534,-0.160892295185336,37.4698882054072,0.453285272832678,0.017636061984909,-0.0408530067202889
392,51.5092463004136,-0.160892277265987,37.4849772190209,0.71471476923824,0.0366522067476812,-0.0219930488013612
392.5,51.5092503269695,-0.160892313516056,37.4969976851717,0.960784049458431,0.0192498279838659,-0.00505012191812831
393,51.5092554124609,-0.160892396929096,37.482081534341,1.20740153438999,-0.0018588362267646,0.00706621190063184
393.5,51.5092610183019,-0.160892495103228,37.4482258507051,1.24564129058491,-0.000417731926153542,0.0447739418547065
394,51.5092667425943,-0.16089265191403,37.4420049807522,1.25985313412361,-0.029042444730031,0.010796953416097
394.5,51.5092723474567,-0.160892968364533,37.4258514849935,1.25121410552321,-0.0542604768913935,0.0417811702818616
395,51.5092778990765,-0.160893052512397,37.3859649079386,1.2310500213196,-0.0176434617489851,0.0560767619611805
395.5,51.5092834401347,-0.160893123416734,37.3834535640199,1.24449439837241,0.00543427400429471,-0.00185156408460341
396,51.5092890685777,-0.160893293383902,37.3731741905212,1.24418768887572,-0.0239763892730637,-0.0127527134277474
396.5,51.5092946627459,-0.160893338023207,37.3843938657083,1.23404027136854,-0.0134102236115276,-0.011505842255816
397,51.5093002315632,-0.160893520645502,37.393660623813,1.24603703190733,-0.0330862567976055,-0.00819964950139718
397.5,51.5093057519406,-0.160893627998186,37.3840972157195,1.23247020016309,-0.0279801025416608,0.0181924890172729
398,51.5093114073187,-0.1608938169796,37.4016934465617,1.24917897637518,-0.0215632222656985,-0.0293051738866256
398.5,51.5093170710367,-0.160893916774946,37.409444664605,1.25750892464961,-0.0113921276393284,-0.00706733316583752
399,51.5093227430854,-0.160894037617645,37.4206284834072,1.27526795060096,-0.0315526110902803,-0.00727627776950712
399.5,51.509328402545,-0.160894166147294,37.4198036196176,1.24849563910765,-0.00849217608575658,-0.0171431526578737
400,51.5093339556611,-0.160894088346319,37.4352999355178,1.23848013236597,0.0235380686753649,-0.0238318177136148
400.5,51.5093396400708,-0.160893978544919,37.4491934217513,1.25789712462146,-0.00424278289072491,-0.027531013351768
401,51.5093451954712,-0.160893918134901,37.4701242877636,1.22627548939557,0.0166725574556828,-0.0388131623145178
401.5,51.5093507688402,-0.160893937021743,37.4889431614429,1.25552415223187,0.00309524030465558,-0.0473805516395517
402,51.5093564560297,-0.160893912892816,37.4999030584004,1.25040700922757,-0.0187333811279322,-0.0444789364525925
402.5,51.5093621512908,-0.16089423599543,37.4786206469871,1.2422314533115,-0.0343650858688412,-0.00997093963572959
403,51.5093677876611,-0.160894545433301,37.4693551058881,1.25443022140985,-0.0443864442763763,0.0145272133094451
403.5,51.5093734707896,-0.160894936191741,37.4617790523916,1.25378174034359,-0.0547710649742127,-0.0082202239854865
404,51.5093790439006,-0.160895111996575,37.4812474518549,1.2476032378697,-0.053263041145318,-0.0347416312864791
404.5,51.5093846154948,-0.160895445694651,37.4848900805227,1.25288270790823,-0.0365239560171198,-0.0382129831121671
405,51.5093901225064,-0.160895448207427,37.5021167518571,1.21576395996887,-0.00548029033734217,-0.0240684250609114
405.5,51.5093957504194,-0.160895606488522,37.5064350042958,1.23767920314994,-0.0171944242126987,-0.0148459062522553
406,51.5094012637713,-0.160895619547181,37.5129317035899,1.24033992062825,0.00699507671684463,0.00321552966878347
406.5,51.5094068702148,-0.160895480639906,37.5086467245128,1.23947554433945,0.0014304055360061,-0.00762008592427366
407,51.5094124209965,-0.160895490310948,37.4860896351747,1.23553407642743,-0.00158646209271418,0.0316171760904236
407.5,51.5094180224525,-0.16089549917433,37.4792024905328,1.24687856151177,-0.00669182706964318,0.0082944216953631
408,51.5094236283298,-0.160895400397002,37.4741386270616,1.26841258975765,0.00183707664818874,0.00325708554106052
408.5,51.5094292653488,-0.160895237163138,37.4925387136173,1.24507631930859,0.0169450982047539,-0.0313369025715043
409,51.5094348209537,-0.160895185532609,37.4889183044434,1.22634001112937,0.012047979940442,0.0321876979489203
409.5,51.5094404244094,-0.160895103771513,37.4714797481429,1.25965572934026,0.0226036494596854,0.0134560854720677
410,51.5094460953195,-0.160895055735084,37.4466698300093,1.25605065631005,0.00842624768500817,0.0320143911033813
410.5,51.5094517026992,-0.160894806809135,37.4372372785583,1.23774632816229,0.0216246144561227,0.0262508015754044
411,51.509457301813,-0.160894696624443,37.4090431805234,1.24812478710431,0.0239725563181303,0.0579703951634164
411.5,51.5094628729915,-0.160894434815899,37.3851832638029,1.23234002042358,0.0258234156333636,0.0324696814234705
412,51.5094684566,-0.160894359266237,37.3754572733305,1.23580858486038,0.0104611477895758,0.00387057692709114
412.5,51.5094739575985,-0.160894207668031,37.376772625139,1.24540903017599,0.0236380698788053,-0.00875592079060039
413,51.5094794726665,-0.160893907904856,37.3906328682788,1.228934095868,0.0303496036761102,-0.00301760422626329
413.5,51.5094850833422,-0.160893793456657,37.3917912065517,1.25109071490329,0.0084177511906856,0.00751978175202217
414,51.5094906541156,-0.160893769842924,37.3765952417161,1.23400808069214,0.00805285680695649,0.00592500579014132
414.5,51.5094961583166,-0.160893741924593,37.382373113418,1.23826576207188,-0.0119965752261462,-0.0118450457046124
415,51.5095017506401,-0.160893839964313,37.4008656663354,1.23049797600898,-0.0160706956280254,-0.0375795761212312
415.5,51.5095073063575,-0.160894149758713,37.3725753198378,1.23674617725419,-0.0110562263520875,0.0271046779524162
416,51.5095129612802,-0.160894381255953,37.3694589377847,1.26373110097064,-0.0277912840141276,0.0228604417913696
416.5,51.5095185138901,-0.16089436260484,37.3777837038506,1.22107332135537,0.00904162273711027,0.0033587778629286
417,51.5095240723969,-0.160894411335238,37.4077432050835,1.23422915876526,-0.0235461063137829,-0.0498574011887712
417.5,51.5095296988889,-0.16089465174323,37.4157328279689,1.23294868872571,-0.0434077995687274,-0.0154747698009864
418,51.5095353445636,-0.160895006722267,37.4282256946899,1.24873881782589,-0.0240914997417202,-0.0478126701253061
418.5,51.5095409613217,-0.160895164347205,37.4378685464617,1.24265263183525,-0.019135388751852,-0.0292329180854334
419,51.5095465728894,-0.160895156849258,37.4518401338719,1.24033417131081,-0.000114684587608143,-0.0345933503881319
419.5,51.5095522078103,-0.160895133821119,37.4544209262822,1.23635168519499,0.00702108557379031,-0.0212423118707814
420,51.5095577001873,-0.160895124263923,37.4703998342156,1.23824278983458,-0.0130366371663485,-0.0179822352093169
420.5,51.5095631864935,-0.160895039051094,37.4660987327807,1.22985871687972,0.0102417805793957,-0.00144922892714028
421,51.5095687848974,-0.160894913171494,37.490083533572,1.25428344394178,0.0189693079543617,-0.0176945767958527
421.5,51.5095743652004,-0.16089473663088,37.4817583512049,1.236612529319,0.0211884364574077,-0.000246735970984679
422,51.5095800375651,-0.160894672416808,37.4550293590873,1.24857738494053,0.000336725428003616,0.0374624364158678
422.5,51.5095849374349,-0.16089465675044,37.4480521574151,1.02147826284617,-0.00240624856987765,0.0119218465622053
423,51.50958884652,-0.160894660536162,37.4413420921192,0.792630247736814,-0.0181491143735717,0.00365959896011347
423.5,51.5095916396331,-0.160894796897676,37.4175017832313,0.543678564072875,-0.0173811253842634,0.0360285104676762
424,51.5095934217116,-0.160894731700196,37.3938851754647,0.343742811429672,-0.00213937262072394,0.0241910397736648
424.5,51.509594440393,-0.160894730707155,37.3881580887828,0.172461228905082,-0.010674875923399,0.0116088750525768
425,51.5095947720082,-0.160894715933813,37.370856769383,0.0338461775978768,-0.014469246623937,0.0168852884473484
